ts_utc,uptime_s,load1,cpu_util_pct,cpu_freq_khz,temp_c,mem_available_kb,swap_used_kb,net_rx_bytes_s,net_tx_bytes_s,disk_read_bytes_s,disk_write_bytes_s,disk_busy_pct,svc_rss_kb,svc_threads,svc_fds,throttled_hex
2026-09-14T23:30:09Z,8653479,0.20,3.0,1100000,57.5,7558720,11556,4957,3545,0,0,0.0,82588,11,31,0xe0000
2026-09-14T23:30:11Z,8653481,0.20,2.6,1100000,56.5,7558532,11556,281,362,0,0,0.0,82588,11,31,0xe0000
2026-09-14T23:30:13Z,8653483,0.18,3.3,1800000,56.0,7557504,11556,249,325,0,0,0.0,82588,11,31,0xe0000
2026-09-14T23:30:15Z,8653485,0.18,1.4,1800000,57.5,7558240,11556,290,374,0,0,0.0,82588,11,31,0xe0000
2026-09-14T23:30:17Z,8653487,0.25,1.2,1800000,57.0,7558152,11556,257,334,0,0,0.0,82588,11,31,0xe0000
2026-09-14T23:30:19Z,8653489,0.25,4.9,1100000,56.5,7557840,11556,4299,3377,0,0,0.0,82588,11,31,0xe0000
2026-09-14T23:30:22Z,8653491,0.25,2.9,1000000,56.5,7556928,11556,518,392,0,0,0.0,82588,11,31,0xe0000
2026-09-14T23:30:24Z,8653493,0.23,4.0,1800000,57.0,7556784,11556,248,322,0,1907,40.0,82588,12,31,0xe0000
2026-09-14T23:30:26Z,8653495,0.23,1.4,1800000,57.5,7556848,11556,257,334,0,0,0.0,82588,12,31,0xe0000
2026-09-14T23:30:28Z,8653498,0.45,1.8,1100000,56.0,7556916,11556,256,333,0,19728,0.0,82588,12,31,0xe0000
2026-09-14T23:30:30Z,8653500,0.45,2.7,900000,57.0,7556300,11556,248,323,0,0,0.0,82588,12,31,0xe0000
2026-09-14T23:30:32Z,8653502,0.45,4.2,1800000,57.0,7556028,11556,4404,3246,0,15347,0.0,82588,11,31,0xe0000
2026-09-14T23:30:34Z,8653504,0.50,1.9,1800000,56.5,7556024,11556,319,394,0,0,0.0,82588,11,31,0xe0000
2026-09-14T23:30:36Z,8653506,0.50,1.9,1200000,55.5,7556800,11556,286,376,0,0,0.0,82588,11,31,0xe0000
2026-09-14T23:30:38Z,8653508,0.45,2.7,1200000,56.0,7557280,11556,249,324,0,0,0.0,82588,11,31,0xe0000
2026-09-14T23:30:41Z,8653510,0.45,2.7,700000,56.5,7558512,11556,278,365,0,0,0.0,82588,11,31,0xe0000
2026-09-14T23:30:43Z,8653512,0.42,5.2,1800000,57.5,7558564,11556,4337,3273,0,0,0.0,82588,11,31,0xe0000
2026-09-14T23:30:45Z,8653514,0.42,1.3,1800000,57.0,7558012,11556,256,334,0,0,0.0,82588,11,31,0xe0000
2026-09-14T23:30:47Z,8653517,0.42,1.4,800000,57.5,7558168,11556,287,377,0,0,0.0,82588,11,31,0xe0000
2026-09-14T23:30:49Z,8653519,0.47,2.5,1100000,57.5,7558024,11556,249,324,0,0,0.0,82588,11,31,0xe0000
2026-09-14T23:30:51Z,8653521,0.47,2.2,1000000,56.5,7558744,11556,249,324,0,0,0.0,82588,11,31,0xe0000
2026-09-14T23:30:53Z,8653523,0.43,6.8,1100000,56.0,7558148,11556,4417,3335,0,0,0.0,82588,11,31,0xe0000
2026-09-14T23:30:55Z,8653525,0.43,2.5,1100000,56.5,7558096,11556,308,345,0,0,0.0,82588,11,31,0xe0000
2026-09-14T23:30:58Z,8653527,0.39,2.1,700000,56.0,7558692,11556,284,408,0,0,0.0,82588,11,31,0xe0000
2026-09-14T23:31:00Z,8653529,0.39,2.5,1200000,56.5,7558672,11556,248,322,0,0,0.0,82588,11,31,0xe0000
2026-09-14T23:31:02Z,8653531,0.39,2.6,1100000,57.0,7558020,11556,281,362,0,0,0.0,82588,11,31,0xe0000
2026-09-14T23:31:04Z,8653534,0.44,2.8,1800000,57.0,7558392,11556,249,323,0,0,0.0,82588,11,31,0xe0000
2026-09-14T23:31:06Z,8653536,0.44,3.0,1800000,57.0,7557240,11556,4563,3467,0,0,0.0,82588,11,31,0xe0000
2026-09-14T23:31:08Z,8653538,0.41,1.6,700000,57.0,7557040,11556,256,333,0,0,0.0,82588,11,31,0xe0000
2026-09-14T23:31:10Z,8653540,0.41,2.5,900000,57.0,7557040,11556,248,322,0,0,0.0,82588,11,31,0xe0000
2026-09-14T23:31:12Z,8653542,0.37,2.5,1200000,57.5,7556936,11556,249,324,0,0,0.0,82588,11,31,0xe0000
2026-09-14T23:31:14Z,8653544,0.37,3.0,1800000,57.0,7556944,11556,249,323,0,0,0.0,82588,11,31,0xe0000
2026-09-14T23:31:17Z,8653546,0.37,3.4,1800000,57.0,7556636,11556,4532,3368,0,0,0.0,82588,11,31,0xe0000
2026-09-14T23:31:19Z,8653548,0.42,1.4,1800000,57.0,7556824,11556,349,353,0,0,0.0,82588,11,31,0xe0000
2026-09-14T23:31:21Z,8653550,0.42,2.0,1800000,57.0,7557052,11556,249,367,0,0,0.0,82588,11,31,0xe0000
2026-09-14T23:31:23Z,8653552,0.39,1.3,1800000,57.5,7557004,11556,257,334,0,0,0.0,82588,11,31,0xe0000
2026-09-14T23:31:25Z,8653555,0.39,2.3,1100000,56.5,7557608,11556,346,463,0,0,0.0,82588,11,31,0xe0000
2026-09-14T23:31:27Z,8653557,0.39,5.8,1100000,56.5,7556184,11556,4248,3170,0,0,0.0,82588,11,31,0xe0000
2026-09-14T23:31:29Z,8653559,0.36,2.8,1800000,56.0,7556308,11556,590,765,0,0,0.0,82588,11,31,0xe0000
2026-09-14T23:31:31Z,8653561,0.36,2.1,1800000,57.0,7555320,11556,373,426,0,0,0.0,82588,11,31,0xe0000
2026-09-14T23:31:33Z,8653563,0.33,2.0,1800000,57.5,7555516,11556,321,417,0,0,0.0,82588,11,31,0xe0000
2026-09-14T23:31:36Z,8653565,0.33,1.6,1800000,56.5,7557140,11556,389,497,0,0,0.0,82588,11,31,0xe0000
2026-09-14T23:31:38Z,8653567,0.30,2.1,1800000,57.5,7558732,11556,312,406,0,0,0.0,82588,11,31,0xe0000
2026-09-14T23:31:40Z,8653569,0.30,2.9,1800000,57.5,7557312,11556,4507,3421,0,0,0.0,82588,11,31,0xe0000
2026-09-14T23:31:42Z,8653571,0.30,1.7,1100000,56.0,7558128,11556,320,417,0,0,0.0,82588,11,31,0xe0000
2026-09-14T23:31:44Z,8653574,0.28,2.9,1800000,57.0,7559116,11556,340,404,0,0,0.0,82588,11,31,0xe0000
2026-09-14T23:31:46Z,8653576,0.28,1.2,1800000,57.5,7557504,11556,321,461,0,0,0.0,82588,11,31,0xe0000
2026-09-14T23:31:48Z,8653578,0.26,1.4,1200000,57.9,7557980,11556,321,457,0,0,0.0,82588,11,31,0xe0000
2026-09-14T23:31:50Z,8653580,0.26,6.0,1800000,56.0,7558844,11556,4466,3352,0,0,0.0,82588,11,31,0xe0000
2026-09-14T23:31:52Z,8653582,0.24,1.9,1800000,57.5,7556680,11556,312,405,0,0,0.0,82588,11,31,0xe0000
2026-09-14T23:31:54Z,8653584,0.24,1.8,1800000,56.5,7556752,11556,321,417,0,0,0.0,82588,11,31,0xe0000
2026-09-14T23:31:57Z,8653586,0.24,1.4,1100000,56.5,7557056,11556,320,417,0,0,0.0,82588,11,31,0xe0000
2026-09-14T23:31:59Z,8653588,0.22,3.0,1200000,56.0,7556748,11556,339,403,0,0,0.0,82588,11,31,0xe0000
2026-09-14T23:32:01Z,8653590,0.22,5.6,900000,57.5,7556044,11556,4266,3384,0,0,0.0,82588,11,31,0xe0000
2026-09-14T23:32:03Z,8653593,0.20,2.7,800000,57.5,7556340,11556,513,495,0,0,0.0,82588,11,31,0xe0000
2026-09-14T23:32:05Z,8653595,0.20,3.3,700000,57.0,7556740,11556,386,483,0,0,0.0,82588,11,31,0xe0000
2026-09-14T23:32:07Z,8653597,0.20,2.3,900000,56.0,7556420,11556,310,441,0,0,0.0,82588,11,31,0xe0000
2026-09-14T23:32:09Z,8653599,0.26,5.7,1800000,57.9,7560004,11556,12910,1167654,1177342,0,41.4,83544,12,32,0xe0000
2026-09-14T23:32:11Z,8653601,0.26,13.2,1800000,57.5,7551800,11556,45210,4249121,4318778,0,2.9,91348,13,32,0xe0000
2026-09-14T23:32:13Z,8653603,0.24,16.5,1800000,58.9,7546680,11556,47507,3909353,3335314,0,2.3,97320,13,32,0xe0000
2026-09-14T23:32:16Z,8653605,0.24,12.2,1800000,57.5,7539976,11556,43370,4195230,3439331,0,3.3,102984,13,32,0xe0000
2026-09-14T23:32:18Z,8653607,0.30,13.3,1800000,57.9,7531660,11556,43072,4419824,3896864,0,2.5,108272,13,32,0xe0000
2026-09-14T23:32:20Z,8653609,0.30,14.2,1800000,58.4,7527884,11556,41918,3868888,2369556,0,1.5,112972,13,32,0xe0000
2026-09-14T23:32:22Z,8653611,0.30,13.5,1800000,59.4,7522436,11556,41643,3963429,2466252,0,1.1,116692,13,32,0xe0000
2026-09-14T23:32:24Z,8653614,0.36,18.6,1800000,58.9,7515936,11556,44446,3650573,1989413,1956,1.0,120172,14,32,0xe0000
2026-09-14T23:32:26Z,8653616,0.36,14.1,1800000,58.9,7509360,11556,41238,3942994,1730348,0,1.3,123392,14,32,0xe0000
2026-09-14T23:32:28Z,8653618,0.33,13.7,1800000,58.4,7510116,11556,41505,3857742,1063891,23555,0.6,125640,14,32,0xe0000
2026-09-14T23:32:30Z,8653620,0.33,14.7,1800000,57.9,7511864,11556,41188,3732899,669047,0,0.4,127104,14,32,0xe0000
2026-09-14T23:32:32Z,8653622,0.46,13.9,1800000,58.9,7511580,11556,40555,4029500,575206,19632,0.2,129212,13,32,0xe0000
2026-09-14T23:32:34Z,8653624,0.46,17.1,1100000,58.9,7506624,11556,43861,3476365,848565,0,0.4,130572,13,32,0xe0000
2026-09-14T23:32:36Z,8653626,0.46,14.8,1800000,59.4,7504976,11556,40593,3865771,570023,0,0.4,132136,13,32,0xe0000
2026-09-14T23:32:39Z,8653628,0.43,12.1,1800000,58.9,7503836,11556,33822,3208451,35264,0,0.0,133312,13,31,0xe0000
2026-09-14T23:32:41Z,8653630,0.43,1.7,1200000,57.9,7503804,11556,256,333,0,0,0.0,133312,13,31,0xe0000
2026-09-14T23:32:43Z,8653632,0.39,2.7,1100000,56.5,7505468,11556,281,362,0,0,0.0,133312,13,31,0xe0000
2026-09-14T23:32:45Z,8653635,0.39,3.3,1800000,57.5,7505696,11556,2812,1214,0,0,0.0,133312,13,31,0xe0000
2026-09-14T23:32:47Z,8653637,0.39,2.7,1800000,57.9,7506384,11556,1920,2469,0,0,0.0,133312,13,31,0xe0000
2026-09-14T23:32:49Z,8653639,0.36,1.3,1800000,57.9,7506552,11556,285,354,0,0,0.0,133312,11,31,0xe0000
2026-09-14T23:32:51Z,8653641,0.36,2.2,1800000,58.4,7505380,11556,279,367,0,0,0.0,133312,11,31,0xe0000
2026-09-14T23:32:53Z,8653643,0.33,1.8,1800000,58.9,7506032,11556,2000,150511,0,0,0.0,133312,12,33,0xe0000
2026-09-14T23:32:55Z,8653645,0.33,23.0,1800000,58.9,7508192,11556,81115,7338234,319483,0,0.4,135700,13,33,0xe0000
2026-09-14T23:32:57Z,8653647,0.30,24.3,1800000,59.9,7504932,11556,84764,7780547,477086,0,0.4,137356,13,33,0xe0000
2026-09-14T23:33:00Z,8653649,0.30,22.3,1800000,58.9,7502356,11556,79836,7720320,42800,0,0.0,139228,13,33,0xe0000
2026-09-14T23:33:02Z,8653651,0.30,21.5,1800000,58.9,7499932,11556,81053,8002692,348376,0,0.4,140020,13,33,0xe0000
2026-09-14T23:33:04Z,8653653,0.28,21.8,1800000,59.9,7497732,11556,79979,7785572,0,0,0.0,141064,13,33,0xe0000
2026-09-14T23:33:06Z,8653656,0.28,22.7,1800000,59.9,7498432,11556,80010,7478672,3895,0,0.0,141668,13,33,0xe0000
2026-09-14T23:33:08Z,8653658,0.26,24.9,1800000,59.4,7497996,11556,85203,7658919,0,5825,0.0,141868,13,33,0xe0000
2026-09-14T23:33:10Z,8653660,0.26,22.6,1800000,59.9,7496500,11556,79835,7401357,149836,0,0.0,143004,13,33,0xe0000
2026-09-14T23:33:12Z,8653662,0.26,22.3,1800000,60.4,7497276,11556,80695,7735032,9710,1942,0.0,143776,13,33,0xe0000
2026-09-14T23:33:14Z,8653664,0.40,22.5,1800000,59.4,7492824,11556,80034,7597679,0,0,0.0,144332,13,33,0xe0000
2026-09-14T23:33:16Z,8653666,0.40,22.7,1800000,59.9,7492064,11556,77788,7532871,0,0,0.0,145056,13,33,0xe0000
2026-09-14T23:33:19Z,8653668,0.45,22.5,1800000,60.4,7489524,11556,82870,7641946,0,0,0.0,145284,13,33,0xe0000
2026-09-14T23:33:21Z,8653670,0.45,24.5,1800000,59.9,7489144,11556,78322,7363623,0,0,0.0,145880,13,33,0xe0000
2026-09-14T23:33:23Z,8653672,0.41,22.5,1800000,60.4,7490112,11556,78393,7524108,65754,0,0.0,145880,13,33,0xe0000
2026-09-14T23:33:25Z,8653674,0.41,10.6,1800000,60.9,7490920,11556,31975,3128054,0,0,0.0,145928,13,31,0xe0000
2026-09-14T23:33:27Z,8653677,0.41,1.7,900000,59.4,7492952,11556,324,413,0,0,0.0,145928,13,31,0xe0000
2026-09-14T23:33:29Z,8653679,0.46,2.5,1200000,59.4,7493872,11556,277,343,0,0,0.0,145928,13,31,0xe0000
2026-09-14T23:33:31Z,8653681,0.46,4.7,1800000,59.4,7494436,11556,4436,3323,0,0,0.0,145928,13,31,0xe0000
2026-09-14T23:33:33Z,8653683,0.42,1.4,1800000,58.9,7493524,11556,257,334,0,0,0.0,145928,11,31,0xe0000
2026-09-14T23:33:35Z,8653685,0.42,1.7,1800000,57.9,7494560,11556,256,334,0,0,0.0,145928,11,31,0xe0000
2026-09-14T23:33:37Z,8653687,0.39,2.6,1800000,58.9,7494060,11556,249,324,0,0,0.0,145928,11,31,0xe0000
2026-09-14T23:33:40Z,8653689,0.39,21.5,1800000,60.9,7494504,11556,52842,4436973,0,0,0.0,146000,13,35,0xe0000
2026-09-14T23:33:42Z,8653691,0.39,46.2,1800000,59.9,7494572,11556,114114,10100790,0,0,0.0,146108,13,35,0xe0000
2026-09-14T23:33:44Z,8653694,0.76,41.8,1800000,60.4,7493776,11556,110620,10599286,0,0,0.0,146188,13,35,0xe0000
2026-09-14T23:33:46Z,8653696,0.76,40.3,1800000,61.3,7494300,11556,109525,10485128,0,0,0.0,146464,14,35,0xe0000
2026-09-14T23:33:48Z,8653698,1.02,39.6,1800000,61.8,7492628,11556,110119,10823054,0,0,0.0,146584,14,35,0xe0000
2026-09-14T23:33:50Z,8653700,1.02,40.2,1800000,61.8,7490260,11556,106806,10439595,0,0,0.0,146764,14,35,0xe0000
2026-09-14T23:33:52Z,8653702,1.01,43.7,1800000,60.4,7491076,11556,112942,10508866,0,0,0.0,146884,14,35,0xe0000
2026-09-14T23:33:55Z,8653704,1.01,43.0,1800000,61.8,7489148,11556,111192,10515251,0,0,0.0,146944,14,35,0xe0000
2026-09-14T23:33:57Z,8653706,1.01,41.9,1800000,61.3,7488668,11556,111392,10623720,0,0,0.0,146944,14,35,0xe0000
2026-09-14T23:33:59Z,8653709,1.09,42.6,1800000,61.3,7489356,11556,110549,10229217,0,0,0.0,147104,14,35,0xe0000
2026-09-14T23:34:01Z,8653711,1.09,41.0,1800000,62.3,7489808,11556,107090,10187847,0,0,0.0,147104,14,35,0xe0000
2026-09-14T23:34:03Z,8653713,1.09,40.0,1800000,63.3,7487800,11556,109485,10655188,0,0,0.0,147104,14,35,0xe0000
2026-09-14T23:34:05Z,8653715,1.09,44.2,1800000,62.3,7485532,11556,112066,10290743,0,0,0.0,147104,14,35,0xe0000
2026-09-14T23:34:07Z,8653717,1.24,41.0,1800000,62.3,7485372,11556,110018,10629706,0,0,0.0,147108,14,35,0xe0000
2026-09-14T23:34:10Z,8653719,1.24,34.0,1800000,62.8,7485740,11556,86855,8005575,0,0,0.0,147108,14,31,0xe0000
2026-09-14T23:34:12Z,8653721,1.24,1.8,1100000,61.3,7485084,11556,320,417,0,0,0.0,147108,14,31,0xe0000
2026-09-14T23:34:14Z,8653723,1.22,3.4,1800000,60.4,7489164,11556,313,446,0,0,0.0,147108,14,31,0xe0000
2026-09-14T23:34:16Z,8653725,1.22,3.3,1800000,59.9,7490584,11556,4587,3496,0,0,0.0,147108,14,31,0xe0000
2026-09-14T23:34:18Z,8653728,1.12,1.4,1800000,59.9,7490692,11556,320,417,0,0,0.0,147108,11,31,0xe0000
2026-09-14T23:34:20Z,8653730,1.12,1.9,1100000,60.4,7491572,11556,256,333,0,0,0.0,147108,11,31,0xe0000
2026-09-14T23:34:22Z,8653732,1.12,2.6,1800000,58.9,7493100,11556,278,366,0,0,0.0,147108,11,31,0xe0000
2026-09-14T23:34:24Z,8653734,1.03,8.5,1800000,61.3,7495412,11556,13044,931511,0,1910,0.0,147108,12,39,0xe0000
2026-09-14T23:34:26Z,8653736,1.03,60.5,1800000,61.8,7491000,11556,142758,11921567,0,0,0.0,148136,13,39,0xe0000
2026-09-14T23:34:29Z,8653738,1.03,54.8,1800000,62.3,7491160,11556,134784,12029748,0,18531,0.0,148268,15,39,0xe0000
2026-09-14T23:34:31Z,8653741,1.03,56.4,1800000,62.8,7489920,11556,135781,11964182,0,0,0.0,148484,15,39,0xe0000
2026-09-14T23:34:33Z,8653743,1.19,54.0,1800000,64.8,7490616,11556,132951,12022067,0,14878,0.0,148832,14,39,0xe0000
2026-09-14T23:34:35Z,8653745,1.19,51.9,1800000,63.3,7490440,11556,132769,12146551,0,0,0.0,149176,14,39,0xe0000
2026-09-14T23:34:37Z,8653747,1.33,52.6,1800000,63.3,7487404,11556,134852,12180499,0,0,0.0,149200,13,39,0xe0000
2026-09-14T23:34:40Z,8653749,1.33,59.6,1800000,63.8,7489224,11556,137983,11986660,0,0,0.0,149224,13,39,0xe0000
2026-09-14T23:34:42Z,8653751,1.33,50.2,1800000,64.3,7489004,11556,132486,12205224,0,0,0.0,149428,13,39,0xe0000
2026-09-14T23:34:44Z,8653754,1.23,53.2,1800000,63.3,7489684,11556,131446,12061703,0,0,0.0,149452,13,39,0xe0000
2026-09-14T23:34:46Z,8653756,1.23,56.3,1800000,64.3,7489596,11556,135567,11963912,0,0,0.0,149452,12,39,0xe0000
2026-09-14T23:34:48Z,8653758,1.13,57.1,1800000,63.3,7489268,11556,133724,11962878,0,0,0.0,149520,12,39,0xe0000
2026-09-14T23:34:50Z,8653760,1.13,57.3,1800000,63.8,7486376,11556,137118,12001927,0,0,0.0,149576,12,39,0xe0000
2026-09-14T23:34:53Z,8653762,1.20,50.6,1800000,63.8,7485972,11556,132511,12112408,0,0,0.0,149768,11,39,0xe0000
2026-09-14T23:34:55Z,8653764,1.20,46.5,1800000,63.8,7484456,11556,118555,11082091,0,0,0.0,150116,11,31,0xe0000
2026-09-14T23:34:57Z,8653766,1.20,1.2,1800000,62.3,7481768,11556,287,417,0,0,0.0,150116,11,31,0xe0000
2026-09-14T23:34:59Z,8653769,1.10,1.7,900000,61.3,7483644,11556,290,333,0,0,0.0,150116,11,31,0xe0000
2026-09-14T23:35:01Z,8653771,1.10,4.0,800000,60.9,7484736,11556,3622,2311,0,0,0.0,150116,11,31,0xe0000
2026-09-14T23:35:03Z,8653773,1.01,3.9,1200000,60.4,7484536,11556,982,1339,0,0,0.0,150116,11,31,0xe0000
2026-09-14T23:35:05Z,8653775,1.01,3.1,900000,59.9,7483976,11556,249,325,0,0,0.0,150116,11,31,0xe0000
2026-09-14T23:35:07Z,8653777,1.01,2.4,700000,60.4,7485864,11556,314,401,0,0,0.0,150116,11,31,0xe0000
2026-09-14T23:35:10Z,8653779,1.01,2.3,1800000,60.9,7486732,11556,2784,1358,0,0,0.0,150116,11,47,0xe0000
2026-09-14T23:35:12Z,8653781,1.01,46.9,1800000,63.3,7488332,11556,143274,12102909,0,0,0.0,150540,11,47,0xe0000
2026-09-14T23:35:14Z,8653784,1.09,47.3,1800000,64.3,7486688,11556,149669,12277836,0,0,0.0,150552,11,47,0xe0000
2026-09-14T23:35:16Z,8653786,1.09,55.9,1800000,63.8,7485384,11556,160863,12370844,0,0,0.0,150556,11,47,0xe0000
2026-09-14T23:35:18Z,8653788,1.16,46.0,1800000,64.3,7483792,11556,139971,12215292,0,0,0.0,150560,11,47,0xe0000
2026-09-14T23:35:20Z,8653790,1.16,44.6,1800000,63.8,7483180,11556,140808,12307386,0,0,0.0,150560,11,47,0xe0000
2026-09-14T23:35:23Z,8653792,1.39,45.6,1800000,64.8,7482356,11556,143063,12353054,0,0,0.0,150904,11,47,0xe0000
2026-09-14T23:35:25Z,8653794,1.39,44.9,1800000,63.3,7483176,11556,136870,12231869,0,0,0.0,151440,11,47,0xe0000
2026-09-14T23:35:27Z,8653797,1.39,43.8,1800000,64.8,7481660,11556,136567,12404678,0,0,0.0,151440,11,47,0xe0000
2026-09-14T23:35:29Z,8653799,1.36,46.4,1800000,65.2,7482028,11556,137246,12205897,0,0,0.0,151440,11,47,0xe0000
2026-09-14T23:35:31Z,8653801,1.36,50.1,1800000,64.8,7484936,11556,141805,12137267,0,0,0.0,151712,11,47,0xe0000
2026-09-14T23:35:33Z,8653803,1.33,44.0,1800000,64.8,7482332,11556,136419,12229467,0,0,0.0,151712,11,47,0xe0000
2026-09-14T23:35:36Z,8653805,1.33,49.1,1800000,64.8,7479332,11556,142692,12352779,0,0,0.0,151760,11,47,0xe0000
2026-09-14T23:35:38Z,8653807,1.38,46.8,1800000,64.8,7480400,11556,140932,12318170,0,0,0.0,151972,11,47,0xe0000
2026-09-14T23:35:40Z,8653809,1.38,39.7,1800000,64.3,7479564,11556,136076,12252058,0,0,0.0,152136,11,32,0xe0000
2026-09-14T23:35:42Z,8653812,1.38,3.0,1800000,62.3,7478656,11556,6145,89492,0,0,0.0,152136,11,31,0xe0000
2026-09-14T23:35:44Z,8653814,1.27,1.3,1800000,62.3,7478512,11556,341,407,0,0,0.0,152136,11,31,0xe0000
2026-09-14T23:35:46Z,8653816,1.27,2.4,1200000,62.3,7480256,11556,306,367,0,0,0.0,152136,11,31,0xe0000
2026-09-14T23:35:48Z,8653818,1.17,2.7,1800000,61.3,7483028,11556,330,395,0,0,0.0,152136,11,31,0xe0000
2026-09-14T23:35:50Z,8653820,1.17,1.9,1800000,61.8,7484424,11556,359,416,0,0,0.0,152136,11,31,0xe0000
2026-09-14T23:35:52Z,8653822,1.24,2.8,1800000,62.8,7483512,11556,4168,2570,0,0,0.0,152136,11,31,0xe0000
2026-09-14T23:35:55Z,8653824,1.24,3.5,900000,62.3,7485368,11556,707,1252,0,0,0.0,152136,11,31,0xe0000
2026-09-14T23:35:57Z,8653826,1.24,46.3,1800000,63.8,7487120,11556,127943,9776473,0,0,0.0,152296,11,63,0xe0000
2026-09-14T23:35:59Z,8653828,1.14,48.2,1800000,63.3,7486144,11556,155988,12300448,0,0,0.0,152684,11,63,0xe0000
2026-09-14T23:36:01Z,8653831,1.14,54.4,1800000,64.3,7485676,11556,158650,12302884,0,0,0.0,153796,11,63,0xe0000
2026-09-14T23:36:03Z,8653833,1.29,49.5,1800000,65.2,7484148,11556,142149,12288454,0,0,0.0,153796,11,63,0xe0000
2026-09-14T23:36:05Z,8653835,1.29,55.5,1800000,65.2,7483868,11556,144075,12289276,0,0,0.0,153796,11,63,0xe0000
2026-09-14T23:36:08Z,8653837,1.35,53.4,1800000,64.8,7483808,11556,152568,12311180,0,0,0.0,154000,11,63,0xe0000
2026-09-14T23:36:10Z,8653839,1.35,50.2,1800000,64.3,7481332,11556,145550,12318831,0,0,0.0,154208,11,63,0xe0000
2026-09-14T23:36:12Z,8653842,1.35,53.4,1800000,64.8,7479560,11556,153837,12334839,0,0,0.0,154340,11,63,0xe0000
2026-09-14T23:36:14Z,8653844,1.32,55.7,1800000,65.2,7477592,11556,149935,12240403,0,0,0.0,154692,11,63,0xe0000
2026-09-14T23:36:16Z,8653846,1.32,51.4,1800000,64.8,7475080,11556,148424,12284074,0,0,0.0,154744,11,63,0xe0000
2026-09-14T23:36:18Z,8653848,1.45,50.8,1800000,66.2,7474940,11556,155069,12260438,0,0,0.0,154808,11,63,0xe0000
2026-09-14T23:36:21Z,8653850,1.45,53.2,1800000,64.8,7476112,11556,165778,12296818,0,0,0.0,154808,11,63,0xe0000
2026-09-14T23:36:23Z,8653852,1.42,51.6,1800000,65.2,7478468,11556,171310,12364313,0,0,0.0,155192,11,63,0xe0000
2026-09-14T23:36:25Z,8653855,1.42,56.9,1800000,65.7,7476312,11556,168034,12218507,0,1853,39.1,155244,12,63,0xe0000
2026-09-14T23:36:27Z,8653857,1.42,10.2,1800000,64.8,7478316,11556,48992,3085571,0,0,0.0,155244,12,31,0xe0000
2026-09-14T23:36:29Z,8653859,1.30,1.4,1800000,64.3,7477344,11556,829,834,0,19758,0.0,155244,12,31,0xe0000
2026-09-14T23:36:31Z,8653861,1.30,1.6,700000,62.3,7476160,11556,95,82,0,0,0.0,155244,12,31,0xe0000
2026-09-14T23:36:33Z,8653863,1.28,3.9,1800000,63.3,7473836,11556,4896,3067,0,15376,0.0,155244,11,31,0xe0000
2026-09-14T23:36:35Z,8653865,1.28,1.7,1800000,63.3,7477284,11556,63,82,0,0,0.0,155244,11,31,0xe0000
2026-09-14T23:36:37Z,8653867,1.28,1.6,1800000,61.3,7480208,11556,63,82,0,0,0.0,155244,11,31,0xe0000
2026-09-14T23:36:40Z,8653869,1.25,2.1,1800000,63.3,7482440,11556,61,80,0,0,0.0,155244,11,31,0xe0000
2026-09-14T23:36:42Z,8653871,1.25,2.8,1800000,61.8,7483084,11556,17298,650194,574879,0,0.2,158176,13,32,0xe0000
2026-09-14T23:36:44Z,8653873,1.15,9.7,1800000,62.8,7474992,11556,94764,3668307,2915840,0,2.5,168392,13,33,0xe0000
2026-09-14T23:36:46Z,8653875,1.15,6.7,1800000,62.8,7466812,11556,91643,3764328,3971229,0,3.3,175948,13,32,0xe0000
2026-09-14T23:36:48Z,8653877,1.06,5.5,1800000,63.8,7458284,11556,92956,3573593,2630500,0,2.1,182560,13,33,0xe0000
2026-09-14T23:36:50Z,8653880,1.06,6.5,1800000,63.3,7448976,11556,87232,3908035,2923241,0,4.8,189968,13,32,0xe0000
2026-09-14T23:36:52Z,8653882,1.06,6.1,1800000,63.3,7444320,11556,91787,3601518,2525134,0,2.1,195924,13,33,0xe0000
2026-09-14T23:36:54Z,8653884,1.06,5.6,1800000,62.3,7436112,11556,91142,3745331,2596133,0,3.3,202268,13,32,0xe0000
2026-09-14T23:36:56Z,8653886,1.06,9.7,900000,61.8,7428616,11556,92372,3653020,2489138,0,2.7,208416,13,32,0xe0000
2026-09-14T23:36:58Z,8653888,0.97,8.9,900000,62.8,7418148,11556,85019,3537487,2513791,0,0.8,214596,13,33,0xe0000
2026-09-14T23:37:00Z,8653890,0.97,6.0,1800000,62.3,7404204,11556,86957,3833494,2686507,0,2.1,221092,13,32,0xe0000
2026-09-14T23:37:03Z,8653892,0.97,5.7,1800000,63.3,7398412,11556,91706,3808112,2547465,0,2.1,227164,13,32,0xe0000
2026-09-14T23:37:05Z,8653894,0.97,6.9,1800000,63.3,7392280,11556,89302,3690342,2223077,0,1.5,232332,13,32,0xe0000
2026-09-14T23:37:07Z,8653896,0.97,8.7,1800000,62.8,7388568,11556,92226,4144684,2655568,0,3.0,238464,13,33,0xe0000
2026-09-14T23:37:09Z,8653898,0.98,5.2,1800000,62.3,7384344,11556,90652,3821581,2407594,0,1.9,244444,13,32,0xe0000
2026-09-14T23:37:11Z,8653901,0.98,6.4,900000,62.3,7379596,11556,90235,4022906,2353537,0,2.1,250020,13,32,0xe0000
2026-09-14T23:37:13Z,8653903,0.90,3.5,1800000,61.3,7376276,11556,32340,1224784,814283,0,0.8,251856,13,31,0xe0000
2026-09-14T23:37:15Z,8653905,0.90,1.5,1800000,61.8,7376588,11556,282,371,0,0,0.0,251856,13,31,0xe0000
2026-09-14T23:37:17Z,8653907,0.90,4.6,1800000,62.8,7377908,11556,4557,3387,0,0,0.0,251856,13,31,0xe0000
2026-09-14T23:37:19Z,8653909,0.83,1.7,1800000,61.8,7381988,11556,252,329,0,0,0.0,251856,13,31,0xe0000
2026-09-14T23:37:21Z,8653911,0.83,1.1,1800000,61.8,7384452,11556,252,329,0,0,0.0,251856,13,31,0xe0000
2026-09-14T23:37:23Z,8653913,0.84,1.8,1100000,61.8,7386064,11556,251,368,0,0,0.0,251856,11,31,0xe0000
2026-09-14T23:37:26Z,8653915,0.84,3.2,1800000,61.3,7386304,11556,275,319,0,0,0.0,251856,11,31,0xe0000
2026-09-14T23:37:28Z,8653917,0.77,4.3,1800000,62.3,7384004,11556,79300,3352053,907846,0,0.8,252020,13,33,0xe0000
2026-09-14T23:37:30Z,8653919,0.77,9.4,1800000,63.3,7375204,11556,165878,7316069,1751541,0,1.7,256476,13,33,0xe0000
2026-09-14T23:37:32Z,8653922,0.77,8.7,1800000,62.8,7371960,11556,165687,6444057,1951074,0,1.7,260988,13,33,0xe0000
2026-09-14T23:37:34Z,8653924,0.71,7.4,1800000,61.3,7369460,11556,165236,6733123,1761455,0,2.3,265508,13,33,0xe0000
2026-09-14T23:37:36Z,8653926,0.71,7.1,1800000,62.3,7368252,11556,161515,7069043,2000922,0,2.5,270316,13,33,0xe0000
2026-09-14T23:37:38Z,8653928,0.73,7.2,800000,61.8,7364420,11556,163102,7136309,1966971,0,2.9,274968,13,33,0xe0000
2026-09-14T23:37:40Z,8653930,0.73,13.3,1800000,62.8,7359776,11556,159123,6861799,2059087,0,2.0,279744,13,33,0xe0000
2026-09-14T23:37:42Z,8653932,0.73,7.2,1800000,61.8,7352648,11556,158016,7404290,3019364,0,2.8,284868,13,33,0xe0000
2026-09-14T23:37:45Z,8653934,0.67,6.2,1800000,63.8,7347596,11556,168847,6984845,1839468,0,1.7,289356,13,33,0xe0000
2026-09-14T23:37:47Z,8653936,0.67,7.6,1800000,60.9,7343432,11556,157452,7050324,1725318,0,1.5,293536,13,33,0xe0000
2026-09-14T23:37:49Z,8653938,0.62,6.7,1800000,62.3,7333584,11556,162358,7372808,1687451,0,1.9,297548,13,34,0xe0000
2026-09-14T23:37:51Z,8653940,0.62,8.7,1800000,62.8,7326564,11556,164380,7185573,1489240,0,1.9,301664,13,34,0xe0000
2026-09-14T23:37:53Z,8653943,0.57,7.2,900000,62.8,7327364,11556,160458,6921734,1525497,0,2.3,305552,13,34,0xe0000
2026-09-14T23:37:55Z,8653945,0.57,7.0,1800000,62.3,7321380,11556,160028,7195339,1513582,0,1.7,309680,13,34,0xe0000
2026-09-14T23:37:57Z,8653947,0.57,6.7,1800000,63.3,7320176,11556,152874,7418436,1635993,0,0.8,313416,13,32,0xe0000
2026-09-14T23:37:59Z,8653949,0.52,1.9,1800000,62.3,7320888,11556,314,372,0,0,0.0,313416,13,32,0xe0000
2026-09-14T23:38:01Z,8653951,0.52,2.5,1800000,61.3,7318900,11556,1875,671,0,0,0.0,313416,13,32,0xe0000
2026-09-14T23:38:03Z,8653953,0.48,3.0,1800000,61.8,7320868,11556,2754,3065,0,0,0.0,313416,13,32,0xe0000
2026-09-14T23:38:05Z,8653955,0.48,2.4,1800000,62.3,7321164,11556,253,330,0,0,0.0,313416,13,32,0xe0000
2026-09-14T23:38:08Z,8653957,0.48,1.3,1800000,61.8,7322156,11556,253,330,0,0,0.0,313416,11,32,0xe0000
2026-09-14T23:38:10Z,8653959,0.52,1.2,1800000,61.8,7323872,11556,253,330,0,0,0.0,313416,11,32,0xe0000
2026-09-14T23:38:12Z,8653961,0.52,1.7,1100000,62.3,7325016,11556,252,330,0,0,0.0,313416,11,32,0xe0000
2026-09-14T23:38:14Z,8653963,0.88,14.8,1200000,61.8,7325432,11556,201442,8196446,1541738,0,2.1,315608,15,36,0xe0000
2026-09-14T23:38:16Z,8653966,0.88,11.0,1800000,62.3,7322824,11556,222076,9874127,1688300,0,1.7,318540,15,36,0xe0000
2026-09-14T23:38:18Z,8653968,0.81,8.1,1800000,61.8,7319252,11556,230540,9977091,1815999,5883,1.7,322188,15,36,0xe0000
2026-09-14T23:38:20Z,8653970,0.81,9.1,1800000,62.8,7315620,11556,235295,9819318,2114171,0,1.9,325096,15,36,0xe0000
2026-09-14T23:38:22Z,8653972,0.81,9.7,1800000,62.8,7310264,11556,229284,9849619,1524681,1932,1.5,327160,15,36,0xe0000
2026-09-14T23:38:24Z,8653974,0.75,11.1,1800000,62.8,7306240,11556,225379,10169640,1706618,0,1.9,328932,15,36,0xe0000
2026-09-14T23:38:26Z,8653976,0.75,12.1,1800000,62.3,7305792,11556,229346,9788306,1181785,1957,1.3,330088,16,36,0xe0000
2026-09-14T23:38:29Z,8653978,0.69,9.5,1800000,63.8,7304876,11556,228973,10126109,1414588,0,1.5,333040,16,36,0xe0000
2026-09-14T23:38:31Z,8653980,0.69,10.0,1800000,63.3,7301460,11556,232566,9940091,1494382,19611,1.1,335204,16,36,0xe0000
2026-09-14T23:38:33Z,8653982,0.63,10.7,1800000,62.3,7299680,11556,226959,10135046,1068914,0,0.6,336116,16,36,0xe0000
2026-09-14T23:38:35Z,8653985,0.63,7.9,1800000,61.8,7299104,11556,224350,10119637,1314159,15393,0.8,337652,15,37,0xe0000
2026-09-14T23:38:37Z,8653987,0.63,9.5,1800000,62.8,7297292,11556,240059,10004351,1181350,0,1.1,338420,15,36,0xe0000
2026-09-14T23:38:39Z,8653989,0.74,10.9,1800000,62.8,7294688,11556,231188,10276981,1212374,0,1.5,339456,15,36,0xe0000
2026-09-14T23:38:41Z,8653991,0.74,8.3,1800000,62.3,7295368,11556,231802,10126785,1238007,0,1.1,340436,15,36,0xe0000
2026-09-14T23:38:43Z,8653993,0.68,5.0,1800000,62.3,7294132,11556,132179,5628504,826669,0,1.2,341668,15,32,0xe0000
2026-09-14T23:38:45Z,8653995,0.68,2.1,1800000,61.8,7292396,11556,253,330,0,0,0.0,341668,15,32,0xe0000
2026-09-14T23:38:47Z,8653997,0.68,2.9,1800000,62.3,7290308,11556,4617,3384,0,0,0.0,341668,15,32,0xe0000
2026-09-14T23:38:49Z,8653999,0.63,1.6,1800000,62.3,7293508,11556,297,330,0,0,0.0,341668,15,32,0xe0000
2026-09-14T23:38:52Z,8654001,0.63,1.6,1200000,62.3,7294616,11556,252,329,0,0,0.0,341668,15,32,0xe0000
2026-09-14T23:38:54Z,8654003,0.58,2.6,900000,60.9,7295560,11556,274,361,0,0,0.0,341668,11,32,0xe0000
2026-09-14T23:38:56Z,8654005,0.58,3.0,1800000,61.3,7295624,11556,275,362,0,0,0.0,341668,11,32,0xe0000
2026-09-14T23:38:58Z,8654008,0.53,5.8,1800000,61.8,7297344,11556,72280,3111126,394081,0,1.0,342168,15,40,0xe0000
2026-09-14T23:39:00Z,8654010,0.53,9.5,1800000,62.3,7297252,11556,275713,11973238,1942927,0,1.9,344672,18,40,0xe0000
2026-09-14T23:39:02Z,8654012,0.53,13.9,1100000,62.8,7294124,11556,277809,12016628,1850988,0,1.9,347600,18,40,0xe0000
2026-09-14T23:39:04Z,8654014,0.49,14.8,1000000,61.8,7293288,11556,293243,12001182,1497630,0,2.6,349424,18,39,0xe0000
2026-09-14T23:39:06Z,8654016,0.49,12.9,1800000,61.3,7288636,11556,281454,11962844,2108864,0,0.7,350120,18,39,0xe0000
2026-09-14T23:39:08Z,8654018,0.45,10.2,1800000,61.8,7285748,11556,276043,12140397,1580870,0,1.3,353468,18,39,0xe0000
2026-09-14T23:39:11Z,8654020,0.45,11.8,900000,61.8,7287252,11556,282803,12022608,1530602,0,1.1,355392,18,39,0xe0000
2026-09-14T23:39:13Z,8654022,0.41,9.5,1800000,62.8,7286584,11556,284786,12023155,1224588,0,1.1,356200,18,39,0xe0000
2026-09-14T23:39:15Z,8654024,0.41,8.7,1800000,62.3,7282312,11556,268884,12100322,1121062,0,1.3,357688,18,39,0xe0000
2026-09-14T23:39:17Z,8654027,0.41,11.5,900000,62.3,7281860,11556,273954,12131341,970760,0,0.6,359536,18,39,0xe0000
2026-09-14T23:39:19Z,8654029,0.38,7.9,1800000,61.8,7283348,11556,280030,12087952,1299604,0,1.9,360732,18,39,0xe0000
2026-09-14T23:39:21Z,8654031,0.38,10.1,1800000,62.3,7278776,11556,288596,12089968,1030973,0,0.8,361340,18,39,0xe0000
2026-09-14T23:39:23Z,8654033,0.35,10.9,900000,61.3,7278780,11556,278281,12181989,1048024,0,0.6,363292,18,40,0xe0000
2026-09-14T23:39:25Z,8654035,0.35,10.3,1800000,62.8,7276976,11556,283648,12057926,843649,0,0.6,365456,18,39,0xe0000
2026-09-14T23:39:27Z,8654037,0.35,7.8,1800000,61.8,7274564,11556,273085,12185695,901120,0,1.0,366740,18,39,0xe0000
2026-09-14T23:39:30Z,8654039,0.32,2.5,800000,61.8,7275348,11556,37707,1482623,66629,0,0.0,366740,18,31,0xe0000
2026-09-14T23:39:32Z,8654041,0.32,2.5,1800000,61.8,7273304,11556,245,320,0,0,0.0,366740,18,31,0xe0000
2026-09-14T23:39:34Z,8654043,0.37,3.8,1800000,62.3,7271068,11556,4392,3289,0,0,0.0,366740,18,31,0xe0000
2026-09-14T23:39:36Z,8654045,0.37,1.8,1800000,62.3,7270768,11556,253,330,0,0,0.0,366740,18,31,0xe0000
2026-09-14T23:39:38Z,8654048,0.34,2.3,1800000,62.3,7271344,11556,283,329,0,0,0.0,366740,11,31,0xe0000
2026-09-14T23:39:40Z,8654050,0.34,7.0,1800000,63.3,7267536,11556,12439,6222,0,0,0.0,366740,11,31,0xe0000
2026-09-14T23:39:42Z,8654052,0.34,10.5,1800000,62.3,7266120,11556,18074,9228,0,1963,0.0,366740,11,31,0xe0000
2026-09-14T23:39:44Z,8654054,0.32,8.9,1800000,61.8,7272288,11556,226692,9027382,416378,0,0.2,367428,16,47,0xe0000
2026-09-14T23:39:46Z,8654056,0.32,9.8,1800000,63.8,7270004,11556,291438,12268515,460285,0,0.2,367500,18,47,0xe0000
2026-09-14T23:39:48Z,8654058,0.37,6.2,1800000,63.3,7269136,11556,285925,12290985,478173,21557,0.0,368016,18,47,0xe0000
2026-09-14T23:39:51Z,8654060,0.37,10.6,1800000,61.8,7267444,11556,311344,12350749,477094,0,0.2,368268,18,47,0xe0000
2026-09-14T23:39:53Z,8654062,0.34,7.6,1800000,61.8,7268652,11556,276520,12242434,562814,17288,0.2,368472,19,47,0xe0000
2026-09-14T23:39:55Z,8654064,0.34,7.2,1800000,62.3,7268872,11556,289806,12307724,507310,0,0.6,368756,19,47,0xe0000
2026-09-14T23:39:57Z,8654067,0.34,10.1,1800000,62.3,7268164,11556,299818,12319944,356276,0,0.4,368780,19,47,0xe0000
2026-09-14T23:39:59Z,8654069,0.31,8.8,1800000,61.3,7270040,11556,305816,12242740,321796,0,0.6,369060,19,47,0xe0000
2026-09-14T23:40:01Z,8654071,0.31,6.5,1800000,62.3,7270524,11556,283053,12255359,338045,0,0.2,369496,19,47,0xe0000
2026-09-14T23:40:03Z,8654073,0.61,8.9,1800000,61.3,7268920,11556,296363,12323522,375318,0,0.4,370496,19,47,0xe0000
2026-09-14T23:40:05Z,8654075,0.61,7.0,1800000,62.8,7268032,11556,289740,12261840,311459,0,0.4,370600,19,47,0xe0000
2026-09-14T23:40:07Z,8654077,0.61,10.3,1800000,63.3,7266928,11556,295074,12297492,308349,0,0.0,370724,19,47,0xe0000
2026-09-14T23:40:10Z,8654079,0.56,9.4,1800000,62.8,7263188,11556,296541,12353666,419526,0,0.0,371416,19,47,0xe0000
2026-09-14T23:40:12Z,8654081,0.56,8.8,1800000,62.8,7262604,11556,305658,12239371,383099,0,0.4,371564,19,47,0xe0000
2026-09-14T23:40:14Z,8654083,0.52,6.1,1800000,62.8,7262268,11556,209321,8553080,288684,0,0.2,372040,19,31,0xe0000
2026-09-14T23:40:16Z,8654085,0.52,2.3,1800000,61.8,7261640,11556,197,240,0,0,0.0,372040,19,31,0xe0000
2026-09-14T23:40:18Z,8654087,0.55,1.2,1800000,61.3,7259876,11556,197,240,0,0,0.0,372040,19,31,0xe0000
2026-09-14T23:40:20Z,8654090,0.55,1.3,1800000,61.8,7260840,11556,230,280,0,0,0.0,372040,19,31,0xe0000
2026-09-14T23:40:22Z,8654092,0.55,1.9,1800000,61.3,7262672,11556,262,320,0,0,0.0,372040,19,31,0xe0000
2026-09-14T23:40:24Z,8654094,0.51,2.6,1800000,61.8,7266916,11556,224,273,0,0,0.0,372040,11,31,0xe0000
2026-09-14T23:40:26Z,8654096,0.51,3.5,1800000,62.3,7265360,11556,4598,3362,0,0,0.0,372040,11,31,0xe0000
2026-09-14T23:40:28Z,8654098,0.47,3.5,900000,61.3,7264612,11556,35317,1115937,0,1969,0.2,372060,14,58,0xe0000
2026-09-14T23:40:30Z,8654100,0.47,7.7,1800000,61.8,7266460,11556,314337,12266083,359551,0,0.2,372716,16,63,0xe0000
2026-09-14T23:40:32Z,8654102,0.47,7.0,1800000,62.8,7264944,11556,297674,12293167,168783,19626,0.0,372992,17,63,0xe0000
2026-09-14T23:40:35Z,8654104,0.43,9.2,1000000,62.3,7264488,11556,328884,12348895,466591,0,0.6,373544,21,63,0xe0000
2026-09-14T23:40:37Z,8654106,0.43,7.7,1800000,62.8,7265876,11556,300373,12246453,327364,15405,0.2,374552,20,63,0xe0000
2026-09-14T23:40:39Z,8654108,0.40,7.5,1800000,63.3,7263656,11556,306787,12284906,261184,0,0.0,375092,20,63,0xe0000
2026-09-14T23:40:41Z,8654111,0.40,10.0,900000,61.3,7263992,11556,308045,12343711,119479,0,0.0,375544,20,63,0xe0000
2026-09-14T23:40:43Z,8654113,0.36,9.7,1800000,61.8,7262440,11556,312394,12258241,439715,0,0.0,377000,20,63,0xe0000
2026-09-14T23:40:45Z,8654115,0.36,7.8,1800000,61.8,7264356,11556,308887,12290930,499550,0,0.2,377632,20,63,0xe0000
2026-09-14T23:40:47Z,8654117,0.36,11.0,1000000,61.8,7260200,11556,318093,12336595,405795,0,0.8,379088,20,63,0xe0000
2026-09-14T23:40:49Z,8654119,0.34,8.0,1800000,62.8,7257856,11556,332023,12255478,350649,0,1.3,380488,20,63,0xe0000
2026-09-14T23:40:51Z,8654121,0.34,7.4,1800000,61.8,7256276,11556,317031,12304333,306121,0,0.4,381428,20,63,0xe0000
2026-09-14T23:40:54Z,8654123,0.31,9.8,900000,62.3,7254072,11556,323539,12328547,417289,0,0.4,382328,20,64,0xe0000
2026-09-14T23:40:56Z,8654125,0.31,7.4,1800000,62.3,7254028,11556,327948,12243455,387080,0,0.6,383352,20,63,0xe0000
2026-09-14T23:40:58Z,8654127,0.28,8.2,1800000,63.3,7253904,11556,333068,12312195,240474,0,0.8,383464,20,63,0xe0000
2026-09-14T23:41:00Z,8654130,0.28,4.5,1800000,62.3,7255656,11556,122113,4471140,76099,0,0.0,383740,20,33,0xe0000
2026-09-14T23:41:02Z,8654132,0.28,2.2,1800000,62.3,7252084,11556,2779,2443,0,0,0.0,383740,20,33,0xe0000
2026-09-14T23:41:04Z,8654134,0.26,1.6,1800000,62.3,7251400,11556,2042,81,0,0,0.0,383740,20,33,0xe0000
2026-09-14T23:41:06Z,8654136,0.26,2.9,1800000,62.3,7248152,11556,3358,1031,0,0,0.0,383740,20,33,0xe0000
2026-09-14T23:41:08Z,8654138,0.24,3.1,1800000,61.8,7246044,11556,3523,33787,0,0,0.0,383740,20,32,0xe0000
2026-09-14T23:41:10Z,8654140,0.24,1.7,1800000,61.8,7246532,11556,5590,7636,0,0,0.0,383740,12,31,0xe0000
2026-09-14T23:41:12Z,8654142,0.24,1.9,1100000,61.8,7250256,11556,4570,4366,0,0,0.0,383740,12,31,0xe0000
2026-09-14T23:41:15Z,8654144,0.22,2.6,700000,61.3,7252012,11556,2404,2338,0,0,0.0,383740,12,31,0xe0000
2026-09-14T23:41:17Z,8654146,0.22,2.7,1800000,62.3,7253512,11556,2359,441,0,0,0.0,383740,12,31,0xe0000
2026-09-14T23:41:19Z,8654148,0.20,3.5,1800000,62.3,7253344,11556,4451,3463,0,0,0.0,383740,12,31,0xe0000
2026-09-14T23:41:21Z,8654150,0.20,2.0,1100000,60.9,7253812,11556,374,409,0,0,0.0,383740,11,31,0xe0000
2026-09-14T23:41:23Z,8654153,0.18,2.6,1000000,61.3,7253840,11556,331,416,0,0,0.0,383740,11,31,0xe0000
2026-09-14T23:41:25Z,8654155,0.18,2.7,1200000,61.8,7254068,11556,304,436,0,0,0.0,383740,11,31,0xe0000
2026-09-14T23:41:27Z,8654157,0.18,5.5,1800000,62.3,7246268,11556,26530,3192033,3242904,0,1.7,394120,12,32,0xe0000
2026-09-14T23:41:29Z,8654159,0.25,8.3,1800000,62.3,7225384,11556,63254,7379630,7256441,0,7.3,410112,13,32,0xe0000
2026-09-14T23:41:31Z,8654161,0.25,6.1,1100000,61.8,7209312,11556,58358,7450241,7425706,0,5.2,421588,13,33,0xe0000
2026-09-14T23:41:34Z,8654163,0.23,7.2,1100000,61.8,7201892,11556,56599,7300331,7082343,0,6.0,429148,13,32,0xe0000
2026-09-14T23:41:36Z,8654165,0.23,7.6,1200000,61.8,7200412,11556,55843,7213739,7153265,0,6.5,434496,14,32,0xe0000
2026-09-14T23:41:38Z,8654167,0.21,7.1,1800000,62.3,7180104,11556,59503,7679915,7550964,0,7.1,438812,14,32,0xe0000
2026-09-14T23:41:40Z,8654169,0.21,6.2,1800000,61.3,7183308,11556,64016,7671008,7602213,0,5.4,441584,14,32,0xe0000
2026-09-14T23:41:42Z,8654172,0.21,6.2,900000,61.8,7181256,11556,58056,7598964,7441141,0,5.2,444380,14,33,0xe0000
2026-09-14T23:41:44Z,8654174,0.19,6.7,1100000,62.3,7171624,11556,57114,7354245,7114020,0,7.1,445476,14,33,0xe0000
2026-09-14T23:41:46Z,8654176,0.19,7.7,1800000,61.8,7167368,11556,57032,7403593,7286627,0,5.8,446852,14,32,0xe0000
2026-09-14T23:41:48Z,8654178,0.18,4.4,1800000,62.8,7168384,11556,59610,7890939,7485591,0,4.4,447640,14,32,0xe0000
2026-09-14T23:41:50Z,8654180,0.18,4.6,1800000,61.3,7167372,11556,59987,7831790,7619577,0,6.7,448528,14,32,0xe0000
2026-09-14T23:41:52Z,8654182,0.18,8.8,1800000,62.8,7156888,11556,61047,7601406,7281367,0,7.3,449344,14,32,0xe0000
2026-09-14T23:41:55Z,8654184,0.16,5.4,1800000,61.8,7166108,11556,60337,7772134,7512931,0,6.2,449684,14,32,0xe0000
2026-09-14T23:41:57Z,8654186,0.16,5.4,1800000,62.3,7165404,11556,60803,7927773,7587301,0,6.2,449800,14,31,0xe0000
2026-09-14T23:41:59Z,8654188,0.15,1.6,1100000,61.3,7165460,11556,665,69825,0,0,0.0,449800,14,31,0xe0000
2026-09-14T23:42:01Z,8654191,0.15,2.8,1000000,61.3,7166460,11556,275,361,0,0,0.0,449800,14,31,0xe0000
2026-09-14T23:42:03Z,8654193,0.14,6.0,1800000,62.3,7167788,11556,4265,3289,0,0,0.0,449800,14,31,0xe0000
2026-09-14T23:42:05Z,8654195,0.14,2.0,1800000,62.8,7170156,11556,246,321,0,0,0.0,449800,14,31,0xe0000
2026-09-14T23:42:07Z,8654197,0.14,1.8,1800000,60.9,7173336,11556,253,330,0,0,0.0,449800,11,31,0xe0000
2026-09-14T23:42:09Z,8654199,0.13,1.7,800000,61.8,7175700,11556,252,329,0,0,0.0,449800,11,31,0xe0000
2026-09-14T23:42:11Z,8654201,0.13,2.5,1800000,60.9,7179292,11556,275,400,0,0,0.0,449800,11,31,0xe0000
2026-09-14T23:42:14Z,8654203,0.20,6.6,1800000,61.8,7174892,11556,80572,9968120,6477197,0,5.3,452560,14,34,0xe0000
2026-09-14T23:42:16Z,8654205,0.20,7.1,1800000,62.3,7174924,11556,88878,11313461,7041290,0,4.6,452740,15,33,0xe0000
2026-09-14T23:42:18Z,8654207,0.42,8.2,1800000,62.3,7169120,11556,86064,11274836,6983001,0,6.1,452976,15,33,0xe0000
2026-09-14T23:42:20Z,8654209,0.42,7.0,1800000,60.9,7169608,11556,85912,11237205,7037432,0,4.3,453312,15,33,0xe0000
2026-09-14T23:42:22Z,8654212,0.42,5.6,1800000,62.8,7165880,11556,87913,11511947,7144186,0,5.2,453588,15,33,0xe0000
2026-09-14T23:42:24Z,8654214,0.39,7.5,1000000,62.3,7165936,11556,85820,11301868,7044626,0,5.4,456012,15,33,0xe0000
2026-09-14T23:42:26Z,8654216,0.39,9.5,1800000,61.8,7158812,11556,90500,11248190,7031249,0,3.7,459580,15,33,0xe0000
2026-09-14T23:42:28Z,8654218,0.44,6.2,1800000,62.3,7146620,11556,87441,11396971,6933838,0,4.2,465788,15,33,0xe0000
2026-09-14T23:42:30Z,8654220,0.44,9.0,1800000,62.3,7157148,11556,86526,11116553,6456635,1957,4.2,466204,16,33,0xe0000
2026-09-14T23:42:32Z,8654222,0.44,6.9,1800000,61.3,7151432,11556,86266,11357099,7126050,0,5.5,468820,16,33,0xe0000
2026-09-14T23:42:35Z,8654224,0.40,6.1,1800000,62.3,7149476,11556,86579,11285319,7098749,21649,6.2,469348,16,33,0xe0000
2026-09-14T23:42:37Z,8654226,0.40,10.4,1800000,61.3,7142312,11556,91717,11141855,6580220,0,4.8,469348,16,33,0xe0000
2026-09-14T23:42:39Z,8654228,0.37,5.3,1800000,62.3,7126808,11556,87113,11337244,6900741,17699,5.4,469348,15,33,0xe0000
2026-09-14T23:42:41Z,8654230,0.37,6.3,1000000,61.8,7121300,11556,86606,11451616,6899068,0,4.8,469356,15,33,0xe0000
2026-09-14T23:42:43Z,8654233,0.42,6.4,1100000,61.3,7137592,11556,50122,6580276,3794566,0,2.1,469652,15,31,0xe0000
2026-09-14T23:42:45Z,8654235,0.42,2.3,1800000,62.8,7138312,11556,245,319,0,0,0.0,469652,15,31,0xe0000
2026-09-14T23:42:47Z,8654237,0.42,3.1,1800000,61.8,7140708,11556,3742,2426,0,0,0.0,469652,15,31,0xe0000
2026-09-14T23:42:49Z,8654239,0.39,2.4,1800000,61.8,7145072,11556,1036,1313,0,0,0.0,469652,15,31,0xe0000
2026-09-14T23:42:51Z,8654241,0.39,2.0,1800000,62.3,7149704,11556,252,330,0,0,0.0,469652,15,31,0xe0000
2026-09-14T23:42:53Z,8654243,0.36,2.1,1800000,61.8,7151100,11556,276,321,0,0,0.0,469652,11,31,0xe0000
2026-09-14T23:42:55Z,8654245,0.36,1.6,1800000,62.8,7154172,11556,253,372,0,0,0.0,469652,11,31,0xe0000
2026-09-14T23:42:58Z,8654247,0.36,4.1,1000000,61.3,7157780,11556,27547,3327087,1689898,0,1.7,469652,16,36,0xe0000
2026-09-14T23:43:00Z,8654249,0.41,10.9,1200000,61.8,7149200,11556,105712,12287751,6816124,0,5.2,469684,18,35,0xe0000
2026-09-14T23:43:02Z,8654252,0.41,11.8,1200000,61.3,7160728,11556,101652,12220135,6562735,0,4.5,469716,19,35,0xe0000
2026-09-14T23:43:04Z,8654254,0.45,9.8,1200000,61.8,7160752,11556,97672,12262810,7222384,0,5.8,469728,19,35,0xe0000
2026-09-14T23:43:06Z,8654256,0.45,9.9,1800000,62.3,7160680,11556,99271,12280101,6512536,0,4.9,469744,19,35,0xe0000
2026-09-14T23:43:08Z,8654258,0.42,7.9,1800000,61.3,7162292,11556,96988,12234550,6930571,0,4.7,469748,19,35,0xe0000
2026-09-14T23:43:10Z,8654260,0.42,6.8,1800000,61.3,7156460,11556,98797,12275269,6724706,0,3.8,469780,19,35,0xe0000
2026-09-14T23:43:12Z,8654262,0.42,9.0,1800000,62.3,7157704,11556,99401,12259360,6659141,0,5.0,470144,19,35,0xe0000
2026-09-14T23:43:15Z,8654264,0.38,6.8,1800000,63.3,7164780,11556,99824,12270669,6560109,0,4.8,471148,19,35,0xe0000
2026-09-14T23:43:17Z,8654266,0.38,8.3,1800000,61.8,7152108,11556,99558,12277684,6637570,0,5.4,471856,19,35,0xe0000
2026-09-14T23:43:19Z,8654268,0.35,8.0,800000,61.8,7154440,11556,99083,12305931,6588524,0,7.1,472172,19,36,0xe0000
2026-09-14T23:43:21Z,8654270,0.35,6.2,1800000,61.8,7159832,11556,98728,12251086,6366919,0,4.7,472188,19,35,0xe0000
2026-09-14T23:43:23Z,8654273,0.33,6.7,1800000,62.3,7160076,11556,98962,12277665,6597294,0,6.3,472200,19,35,0xe0000
2026-09-14T23:43:25Z,8654275,0.33,7.7,900000,61.8,7155952,11556,98473,12336104,6519172,0,5.2,472688,19,35,0xe0000
2026-09-14T23:43:27Z,8654277,0.33,9.0,1800000,62.8,7153480,11556,100264,12225538,6319188,5755,5.2,473220,19,35,0xe0000
2026-09-14T23:43:29Z,8654279,0.78,4.7,1800000,62.3,7147652,11556,22701,2267302,1067428,0,0.8,473220,19,31,0xe0000
2026-09-14T23:43:31Z,8654281,0.78,1.6,1800000,60.9,7148940,11556,250,332,0,1977,0.0,473220,19,31,0xe0000
2026-09-14T23:43:33Z,8654283,0.72,1.8,1800000,62.3,7150156,11556,250,332,0,0,0.0,473220,19,31,0xe0000
2026-09-14T23:43:35Z,8654285,0.72,2.2,1800000,61.3,7149664,11556,275,362,0,0,0.0,473220,19,31,0xe0000
2026-09-14T23:43:38Z,8654287,0.72,1.9,1800000,62.3,7154876,11556,281,375,0,0,0.0,473220,11,31,0xe0000
2026-09-14T23:43:40Z,8654289,0.66,5.1,1100000,61.3,7154864,11556,4522,3461,0,0,0.0,473220,11,31,0xe0000
2026-09-14T23:43:42Z,8654291,0.66,2.6,1800000,61.3,7156820,11556,244,319,0,0,0.0,473220,11,31,0xe0000
2026-09-14T23:43:44Z,8654294,0.61,6.0,1800000,61.8,7156572,11556,70888,8058754,2291785,0,1.3,475020,19,39,0xe0000
2026-09-14T23:43:46Z,8654296,0.61,6.5,1800000,62.3,7152020,11556,108881,12294557,2587759,0,2.3,475756,20,39,0xe0000
2026-09-14T23:43:48Z,8654298,0.64,8.8,900000,61.3,7158916,11556,110032,12347629,2974414,0,2.3,475896,21,40,0xe0000
2026-09-14T23:43:50Z,8654300,0.64,7.5,1800000,62.8,7130616,11556,112868,12268704,2837601,0,2.1,475940,21,39,0xe0000
2026-09-14T23:43:52Z,8654302,0.64,6.2,1800000,62.3,7119548,11556,110861,12297192,2920807,0,1.5,475972,21,39,0xe0000
2026-09-14T23:43:54Z,8654304,0.59,9.1,900000,62.3,7119752,11556,111688,12351401,2745832,0,2.7,476040,21,40,0xe0000
2026-09-14T23:43:57Z,8654306,0.59,12.0,1800000,61.8,7117600,11556,108783,12227854,2906976,0,1.7,476116,21,39,0xe0000
2026-09-14T23:43:59Z,8654308,0.78,7.6,1800000,63.3,7121756,11556,110321,12295244,2610556,0,1.2,476116,21,39,0xe0000
2026-09-14T23:44:01Z,8654310,0.78,7.0,1800000,62.3,7121340,11556,113475,12304790,2529451,0,1.5,476168,21,39,0xe0000
2026-09-14T23:44:03Z,8654312,0.80,7.5,900000,62.3,7115616,11556,112555,12323069,3371719,0,2.7,476172,21,39,0xe0000
2026-09-14T23:44:05Z,8654315,0.80,9.2,1000000,60.9,7115124,11556,117139,12324865,3872076,0,2.4,476176,21,40,0xe0000
2026-09-14T23:44:07Z,8654317,0.80,8.0,1800000,63.3,7117496,11556,118205,12251247,3044118,0,2.1,476188,21,40,0xe0000
2026-09-14T23:44:09Z,8654319,0.73,7.6,1800000,60.9,7117684,11556,119089,12310981,4161308,0,3.3,476232,21,41,0xe0000
2026-09-14T23:44:11Z,8654321,0.73,8.1,1100000,62.3,7113012,11556,114071,12337993,5142458,0,5.0,476236,21,40,0xe0000
2026-09-14T23:44:13Z,8654323,0.68,9.5,1800000,61.8,7116360,11556,97275,10064565,4487086,0,4.5,476236,21,32,0xe0000
2026-09-14T23:44:15Z,8654325,0.68,2.3,1800000,62.3,7116360,11556,30,41,0,0,0.0,476236,21,32,0xe0000
2026-09-14T23:44:18Z,8654327,0.68,1.8,1800000,62.3,7116684,11556,30,42,0,0,0.0,476236,21,32,0xe0000
2026-09-14T23:44:20Z,8654329,0.62,1.6,700000,61.3,7115568,11556,30,42,0,0,0.0,476236,21,32,0xe0000
2026-09-14T23:44:22Z,8654331,0.62,2.6,700000,61.3,7116276,11556,3186,4111,0,0,0.0,476236,21,32,0xe0000
2026-09-14T23:44:24Z,8654334,0.57,3.5,1200000,61.8,7115892,11556,2525,1161,0,0,0.0,476236,11,32,0xe0000
2026-09-14T23:44:26Z,8654336,0.57,4.2,1200000,60.9,7120076,11556,2633,2780,0,0,0.0,476236,11,32,0xe0000
2026-09-14T23:44:28Z,8654338,0.53,3.8,1800000,62.3,7120188,11556,12589,944414,885651,0,0.7,476508,23,48,0xe0000
2026-09-14T23:44:30Z,8654340,0.53,6.3,1800000,62.8,7118116,11556,118831,12311197,7998487,0,5.6,476684,23,48,0xe0000
2026-09-14T23:44:32Z,8654342,0.53,8.8,1100000,61.8,7122392,11556,116407,12339648,7901759,1960,6.1,476756,25,48,0xe0000
2026-09-14T23:44:35Z,8654344,0.56,10.1,1800000,61.3,7121316,11556,117516,12348897,7607240,0,4.7,476760,25,48,0xe0000
2026-09-14T23:44:37Z,8654346,0.56,7.2,1800000,61.8,7119780,11556,117883,12223789,6865437,21095,4.9,476760,25,48,0xe0000
2026-09-14T23:44:39Z,8654348,0.68,7.8,1800000,61.8,7114884,11556,117722,12289914,7736212,0,3.8,476760,25,48,0xe0000
2026-09-14T23:44:41Z,8654350,0.68,9.2,900000,62.3,7119932,11556,118614,12344570,8452113,17649,4.6,476768,23,48,0xe0000
2026-09-14T23:44:43Z,8654353,0.78,7.6,1800000,63.3,7112764,11556,117366,12268815,8563642,0,4.7,476820,23,48,0xe0000
2026-09-14T23:44:45Z,8654355,0.78,7.0,1800000,61.8,7117800,11556,118488,12317233,8069340,0,4.0,476820,23,48,0xe0000
2026-09-14T23:44:47Z,8654357,0.78,8.8,900000,61.3,7119516,11556,118186,12336728,8411830,0,7.7,476820,23,48,0xe0000
2026-09-14T23:44:49Z,8654359,0.72,7.0,1800000,62.3,7117120,11556,117802,12243560,10193333,0,8.4,476820,23,48,0xe0000
2026-09-14T23:44:51Z,8654361,0.72,6.7,1800000,62.3,7118192,11556,117246,12268959,9257363,0,8.6,476824,23,48,0xe0000
2026-09-14T23:44:53Z,8654363,0.74,9.1,1100000,62.3,7119260,11556,117494,12322880,9698521,0,7.3,476824,23,49,0xe0000
2026-09-14T23:44:56Z,8654365,0.74,9.7,1800000,61.3,7119856,11556,115747,12321448,8997634,0,6.4,476824,23,48,0xe0000
2026-09-14T23:44:58Z,8654367,0.74,7.6,1800000,61.8,7117072,11556,115399,12265549,9035010,0,5.8,476824,23,48,0xe0000
2026-09-14T23:45:00Z,8654369,0.68,3.3,1800000,61.3,7118724,11556,58100,4914016,2968729,0,2.3,476824,23,32,0xe0000
2026-09-14T23:45:02Z,8654371,0.68,1.6,1200000,62.3,7116736,11556,2389,1867,0,0,0.0,476824,23,32,0xe0000
2026-09-14T23:45:04Z,8654374,0.63,2.5,1800000,61.8,7116704,11556,2009,672,0,0,0.0,476824,23,32,0xe0000
2026-09-14T23:45:06Z,8654376,0.63,2.5,1800000,61.8,7115076,11556,750,548,0,0,0.0,476824,23,32,0xe0000
2026-09-14T23:45:08Z,8654378,0.66,4.1,1800000,61.3,7113444,11556,9998,10871,0,0,0.0,476824,23,32,0xe0000
2026-09-14T23:45:10Z,8654380,0.66,1.4,700000,61.8,7112228,11556,5326,4902,0,0,0.0,476824,11,32,0xe0000
2026-09-14T23:45:12Z,8654382,0.66,2.6,1800000,61.3,7110636,11556,2444,2427,0,0,0.0,476824,11,32,0xe0000
2026-09-14T23:45:14Z,8654384,0.61,1.4,1800000,61.3,7110544,11556,958,411,0,0,0.0,476824,11,32,0xe0000
2026-09-14T23:45:17Z,8654386,0.61,8.2,1200000,61.3,7116988,11556,135233,10785153,7192407,0,5.4,476856,19,56,0xe0000
2026-09-14T23:45:19Z,8654388,0.56,9.8,1800000,62.3,7112936,11556,203519,12256323,6538795,0,4.3,476856,20,58,0xe0000
2026-09-14T23:45:21Z,8654390,0.56,8.3,1800000,63.8,7110928,11556,256944,12309024,6752273,0,4.4,476856,20,60,0xe0000
2026-09-14T23:45:23Z,8654393,0.56,8.7,1200000,61.8,7114260,11556,280418,12338043,7154969,0,4.8,476856,22,59,0xe0000
2026-09-14T23:45:25Z,8654395,0.67,11.2,1100000,62.3,7110900,11556,285657,12272214,6174113,0,6.6,476856,22,62,0xe0000
2026-09-14T23:45:27Z,8654397,0.67,11.6,1800000,62.3,7109840,11556,280077,12257318,6811543,0,5.4,476856,23,62,0xe0000
2026-09-14T23:45:29Z,8654399,0.62,8.7,1800000,61.3,7105396,11556,276770,12307608,6846853,0,4.6,477008,24,62,0xe0000
2026-09-14T23:45:31Z,8654401,0.62,7.2,1800000,61.8,7105620,11556,270592,12298677,6100823,0,4.6,477036,24,62,0xe0000
2026-09-14T23:45:33Z,8654403,0.57,9.6,1800000,61.8,7112788,11556,275078,12325451,6987558,0,5.7,477136,24,64,0xe0000
2026-09-14T23:45:35Z,8654405,0.57,8.0,1800000,62.8,7106088,11556,285124,12274579,5470714,0,3.2,478060,24,64,0xe0000
2026-09-14T23:45:38Z,8654407,0.57,7.7,1800000,61.8,7107984,11556,282771,12266189,6262565,0,6.3,478064,24,63,0xe0000
2026-09-14T23:45:40Z,8654409,0.60,9.4,1200000,62.8,7107480,11556,286249,12352598,6514186,0,5.6,478064,24,63,0xe0000
2026-09-14T23:45:42Z,8654411,0.60,11.8,1200000,61.8,7117704,11556,279425,12266470,5812101,0,5.4,479004,24,63,0xe0000
2026-09-14T23:45:44Z,8654414,0.88,14.9,1200000,61.8,7117360,11556,284262,12295258,5858710,0,4.3,479188,24,63,0xe0000
2026-09-14T23:45:46Z,8654416,0.88,7.7,1800000,62.3,7093988,11556,164883,7148893,2806254,0,1.9,479716,24,31,0xe0000
2026-09-14T23:45:48Z,8654418,0.81,2.4,1800000,62.3,7096500,11556,2471,100,0,0,0.0,479716,24,31,0xe0000
2026-09-14T23:45:50Z,8654420,0.81,1.2,1800000,61.8,7097900,11556,1338,82,0,0,0.0,479716,24,31,0xe0000
2026-09-14T23:45:52Z,8654422,0.81,1.7,1800000,60.9,7099100,11556,63,82,0,0,0.0,479716,24,31,0xe0000
2026-09-14T23:45:54Z,8654424,0.74,4.1,1800000,61.8,7098120,11556,5354,3074,0,0,0.0,479716,24,31,0xe0000
2026-09-14T23:45:57Z,8654426,0.74,1.8,1800000,62.3,7100336,11556,7312,9357,0,0,0.0,479716,11,31,0xe0000
2026-09-14T23:45:59Z,8654428,0.68,2.2,1200000,61.3,7100028,11556,2534,4436,0,0,0.0,479716,11,31,0xe0000
2026-09-14T23:46:01Z,8654430,0.68,2.9,1200000,61.8,7102988,11556,2346,399,0,0,0.0,479716,11,31,0xe0000
2026-09-14T23:46:03Z,8654433,0.87,6.0,1800000,62.3,7171276,11556,46304,5499789,7304588,0,3.4,481736,20,37,0xe0000
2026-09-14T23:46:05Z,8654435,0.87,7.3,1800000,61.3,7159232,11556,35680,3958625,4449552,0,1.7,481736,20,31,0xe0000
2026-09-14T23:46:07Z,8654437,0.87,1.8,1800000,61.3,7159692,11556,502,328,0,0,0.0,481736,20,31,0xe0000
2026-09-14T23:46:09Z,8654439,0.80,1.9,900000,60.9,7159304,11556,281,328,0,0,0.0,481736,20,31,0xe0000
2026-09-14T23:46:11Z,8654441,0.80,2.6,900000,60.9,7158832,11556,517,360,0,0,0.0,481736,20,31,0xe0000
2026-09-14T23:46:14Z,8654443,0.73,2.5,700000,61.8,7158024,11556,244,360,0,0,0.0,481736,18,31,0xe0000
2026-09-14T23:46:16Z,8654445,0.73,3.5,1800000,61.8,7156284,11556,1899,582,0,0,0.0,481736,11,31,0xe0000
2026-09-14T23:46:18Z,8654447,0.73,3.9,1800000,61.8,7156268,11556,2757,3024,0,0,0.0,481736,11,31,0xe0000
2026-09-14T23:46:20Z,8654449,0.67,1.4,1800000,62.3,7157324,11556,2310,90651,351685,0,0.2,481736,17,37,0xe0000
2026-09-14T23:46:22Z,8654452,0.67,6.2,1100000,61.3,7160764,11556,69902,8977190,10196859,0,5.2,481748,17,31,0xe0000
2026-09-14T23:46:24Z,8654454,0.62,2.5,1000000,61.8,7160132,11556,274,360,0,0,0.0,481748,17,31,0xe0000
2026-09-14T23:46:26Z,8654456,0.62,2.6,1000000,61.3,7157808,11556,273,378,0,0,0.0,481748,17,31,0xe0000
2026-09-14T23:46:28Z,8654458,0.57,5.8,1800000,61.3,7156600,11556,4387,3242,0,0,0.0,481748,17,31,0xe0000
2026-09-14T23:46:30Z,8654460,0.57,1.2,1800000,61.8,7155824,11556,252,329,0,0,0.0,481748,15,31,0xe0000
2026-09-14T23:46:32Z,8654462,0.57,3.1,1100000,62.3,7156284,11556,250,367,0,1963,0.0,481748,12,31,0xe0000
2026-09-14T23:46:35Z,8654464,0.52,2.2,1200000,62.3,7157068,11556,336,402,0,0,0.0,481748,12,31,0xe0000
2026-09-14T23:46:37Z,8654466,0.52,2.8,1200000,60.4,7157596,11556,276,358,0,22994,0.0,481748,12,31,0xe0000
2026-09-14T23:46:39Z,8654468,0.48,8.3,1800000,61.8,7154240,11556,62033,7437434,9798850,0,3.2,483956,22,37,0xe0000
2026-09-14T23:46:41Z,8654471,0.48,3.1,1800000,61.3,7121968,11556,37091,5005819,4937285,19663,1.5,484216,21,31,0xe0000
2026-09-14T23:46:43Z,8654473,0.44,1.7,700000,61.3,7121560,11556,252,329,0,0,0.0,484216,21,31,0xe0000
2026-09-14T23:46:45Z,8654475,0.44,2.7,1800000,61.8,7120020,11556,245,319,0,0,0.0,484216,21,31,0xe0000
2026-09-14T23:46:47Z,8654477,0.44,2.6,1800000,60.9,7120136,11556,246,321,0,0,0.0,484216,21,31,0xe0000
2026-09-14T23:46:49Z,8654479,0.41,2.4,1800000,62.3,7118812,11556,4089,2473,0,0,0.0,484216,18,31,0xe0000
2026-09-14T23:46:51Z,8654481,0.41,3.0,800000,60.9,7118616,11556,1132,1702,0,0,0.0,484216,11,31,0xe0000
2026-09-14T23:46:54Z,8654483,0.37,2.9,1200000,62.3,7119320,11556,912,11720,0,0,0.0,484216,11,32,0xe0000
2026-09-14T23:46:56Z,8654485,0.37,2.6,800000,61.3,7120932,11556,277,359,0,0,0.0,484216,11,32,0xe0000
2026-09-14T23:46:58Z,8654488,0.37,8.0,800000,62.3,7123424,11556,65129,8143739,5844243,0,3.7,484376,19,38,0xe0000
2026-09-14T23:47:00Z,8654490,0.50,6.8,1800000,62.3,7115784,11556,100266,12270879,8277331,0,5.6,484524,19,38,0xe0000
2026-09-14T23:47:02Z,8654492,0.50,8.5,1800000,62.3,7118612,11556,106530,12287752,8771685,0,3.3,484752,19,38,0xe0000
2026-09-14T23:47:04Z,8654494,0.46,7.2,1000000,61.8,7120596,11556,103947,12360127,9773135,0,4.2,484760,19,38,0xe0000
2026-09-14T23:47:06Z,8654496,0.46,8.9,1200000,60.9,7117144,11556,103436,12265834,8452716,0,4.1,484896,20,38,0xe0000
2026-09-14T23:47:08Z,8654498,0.51,8.9,1800000,61.8,7118984,11556,102172,12254402,6498906,0,3.9,485756,20,38,0xe0000
2026-09-14T23:47:11Z,8654500,0.51,6.0,1800000,61.3,7113124,11556,101928,12296865,7759136,0,3.1,485756,20,38,0xe0000
2026-09-14T23:47:13Z,8654502,0.51,9.0,1800000,62.3,7121280,11556,106006,12338490,6922071,0,3.1,485772,20,38,0xe0000
2026-09-14T23:47:15Z,8654504,0.47,5.9,1800000,61.3,7117428,11556,99626,12237631,6847556,0,3.7,486228,20,38,0xe0000
2026-09-14T23:47:17Z,8654506,0.47,6.3,1800000,62.3,7119612,11556,101214,12293557,5763364,0,2.7,486660,20,38,0xe0000
2026-09-14T23:47:19Z,8654509,0.43,8.3,1000000,61.3,7118236,11556,101329,12353382,5530946,0,2.5,486780,20,38,0xe0000
2026-09-14T23:47:21Z,8654511,0.43,8.0,1000000,61.3,7115792,11556,101198,12243395,4729668,0,3.0,487216,20,38,0xe0000
2026-09-14T23:47:23Z,8654513,0.39,9.7,1800000,62.3,7114700,11556,106999,12272698,4610838,0,2.6,487888,21,38,0xe0000
2026-09-14T23:47:25Z,8654515,0.39,7.2,1800000,61.3,7115308,11556,104125,12246245,4379511,0,2.5,487900,21,38,0xe0000
2026-09-14T23:47:27Z,8654517,0.39,6.0,1800000,62.3,7114808,11556,102408,12286432,6038832,0,2.1,487900,21,38,0xe0000
2026-09-14T23:47:29Z,8654519,0.36,9.2,1000000,61.8,7107224,11556,100294,12320682,5899774,0,3.3,487904,21,38,0xe0000
2026-09-14T23:47:32Z,8654521,0.36,8.5,1200000,61.3,7109784,11556,100901,12282422,1993768,0,0.9,487904,21,38,0xe0000
2026-09-14T23:47:34Z,8654523,0.41,7.6,800000,61.3,7111692,11556,102021,12299459,3081520,0,1.3,488256,21,38,0xe0000
2026-09-14T23:47:36Z,8654525,0.41,8.4,1800000,62.3,7114420,11556,104484,12247445,1613528,0,0.2,488648,21,38,0xe0000
2026-09-14T23:47:38Z,8654528,0.41,6.2,1800000,61.3,7115024,11556,100338,12285788,4800992,0,2.1,488812,21,38,0xe0000
2026-09-14T23:47:40Z,8654530,0.38,6.6,1800000,61.8,7116912,11556,101330,12349050,2198032,0,1.2,489152,21,38,0xe0000
2026-09-14T23:47:42Z,8654532,0.38,6.2,1800000,62.3,7108780,11556,98428,12233194,1002208,0,0.4,489160,21,38,0xe0000
2026-09-14T23:47:44Z,8654534,0.35,5.4,1800000,61.3,7110016,11556,99429,12297225,928678,0,0.6,489216,21,38,0xe0000
2026-09-14T23:47:46Z,8654536,0.35,8.8,1800000,62.3,7111840,11556,104812,12291139,2073500,0,0.2,489228,21,38,0xe0000
2026-09-14T23:47:48Z,8654538,0.40,6.5,1800000,63.3,7113324,11556,100489,12282000,767539,0,0.8,489228,21,38,0xe0000
2026-09-14T23:47:50Z,8654540,0.40,5.3,1800000,62.3,7113852,11556,100257,12282148,1305136,0,0.4,489228,21,38,0xe0000
2026-09-14T23:47:53Z,8654542,0.40,7.1,1000000,61.8,7113560,11556,99247,12340485,2069818,0,1.0,489228,21,38,0xe0000
2026-09-14T23:47:55Z,8654544,0.37,6.1,1800000,61.8,7112284,11556,97547,12234701,1226836,0,0.6,489228,21,38,0xe0000
2026-09-14T23:47:57Z,8654546,0.37,5.6,1800000,62.8,7114124,11556,99339,12283714,659147,0,0.0,489228,21,33,0xe0000
2026-09-14T23:47:59Z,8654549,0.34,4.1,1200000,61.3,7114008,11556,6832,131011,0,0,0.0,489228,21,32,0xe0000
2026-09-14T23:48:01Z,8654551,0.34,3.4,700000,61.8,7113744,11556,338,438,0,0,0.0,489228,21,32,0xe0000
2026-09-14T23:48:03Z,8654553,0.39,2.8,1100000,60.9,7114084,11556,274,362,0,0,0.0,489228,21,32,0xe0000
2026-09-14T23:48:05Z,8654555,0.39,2.5,1100000,60.9,7114992,11556,338,438,0,0,0.0,489228,21,32,0xe0000
2026-09-14T23:48:07Z,8654557,0.39,2.6,1800000,61.8,7115784,11556,333,418,0,0,0.0,489228,11,31,0xe0000
2026-09-14T23:48:09Z,8654559,0.36,4.3,1800000,61.8,7113940,11556,4312,3417,0,0,0.0,489228,11,31,0xe0000
2026-09-14T23:48:12Z,8654561,0.36,1.6,1800000,62.3,7114160,11556,316,413,0,0,0.0,489228,11,31,0xe0000
2026-09-14T23:48:14Z,8654563,0.33,4.6,1800000,62.3,7116716,11556,10585,1284494,0,0,0.0,489228,12,32,0xe0000
2026-09-14T23:48:16Z,8654565,0.33,13.2,1800000,62.3,7116084,11556,39561,5012501,0,0,0.0,490252,12,32,0xe0000
2026-09-14T23:48:18Z,8654567,0.33,14.0,1800000,61.8,7118072,11556,39554,4999446,0,0,0.0,490252,13,32,0xe0000
2026-09-14T23:48:20Z,8654570,0.47,16.8,1800000,62.3,7116364,11556,42057,4601420,0,0,0.0,490336,13,32,0xe0000
2026-09-14T23:48:22Z,8654572,0.47,12.7,1800000,62.3,7116708,11556,39490,5125276,0,0,0.0,490336,13,32,0xe0000
2026-09-14T23:48:24Z,8654574,0.43,13.9,1800000,63.3,7115148,11556,38059,4800568,0,0,0.0,490336,13,32,0xe0000
2026-09-14T23:48:26Z,8654576,0.43,13.3,1800000,62.8,7116380,11556,38568,5395895,0,0,0.0,490336,13,32,0xe0000
2026-09-14T23:48:28Z,8654578,0.39,13.8,1800000,63.3,7115352,11556,37736,4614709,0,0,0.0,490336,13,32,0xe0000
2026-09-14T23:48:30Z,8654580,0.39,14.3,1800000,62.8,7115676,11556,36538,4379932,0,0,0.0,490336,13,32,0xe0000
2026-09-14T23:48:32Z,8654582,0.39,17.0,1800000,62.8,7111868,11556,40777,4835276,0,1950,0.0,490336,14,32,0xe0000
2026-09-14T23:48:35Z,8654584,0.36,14.1,1800000,63.3,7111480,11556,36429,4488325,0,0,0.0,490572,14,32,0xe0000
2026-09-14T23:48:37Z,8654586,0.36,14.0,1800000,63.3,7111080,11556,36718,4602399,0,25480,0.0,490572,14,32,0xe0000
2026-09-14T23:48:39Z,8654588,0.41,15.1,900000,62.3,7110592,11556,36530,4467612,0,0,0.0,490572,14,32,0xe0000
2026-09-14T23:48:41Z,8654590,0.41,14.6,1800000,63.3,7111880,11556,36457,4469323,0,21287,0.0,490572,13,32,0xe0000
2026-09-14T23:48:43Z,8654593,0.41,15.7,1800000,63.8,7110596,11556,41211,4447698,0,0,0.0,490572,13,32,0xe0000
2026-09-14T23:48:45Z,8654595,0.46,4.9,1100000,61.3,7111688,11556,10292,1304412,0,0,0.0,490572,13,31,0xe0000
2026-09-14T23:48:47Z,8654597,0.46,2.6,1200000,60.9,7111748,11556,278,441,0,0,0.0,490572,13,31,0xe0000
2026-09-14T23:48:49Z,8654599,0.42,2.9,1800000,62.8,7110584,11556,279,594,0,0,0.0,490572,13,31,0xe0000
2026-09-14T23:48:51Z,8654601,0.42,1.2,1800000,61.8,7110812,11556,417,693,0,0,0.0,490572,13,31,0xe0000
2026-09-14T23:48:53Z,8654603,0.39,1.6,1100000,61.3,7109616,11556,380,574,0,0,0.0,490572,11,31,0xe0000
2026-09-14T23:48:56Z,8654605,0.39,4.2,1800000,61.8,7107520,11556,3965,2498,0,0,0.0,490572,11,31,0xe0000
2026-09-14T23:48:58Z,8654607,0.39,3.2,1800000,62.3,7108592,11556,933,1427,0,0,0.0,490572,11,31,0xe0000
2026-09-14T23:49:00Z,8654609,0.36,15.4,1800000,61.3,7112260,11556,39126,4159494,0,0,0.0,490572,13,33,0xe0000
2026-09-14T23:49:02Z,8654612,0.36,23.6,1800000,62.8,7112592,11556,59407,7118178,0,0,0.0,490784,13,33,0xe0000
2026-09-14T23:49:04Z,8654614,0.41,22.8,1800000,63.3,7110960,11556,63266,7532251,0,0,0.0,490784,15,33,0xe0000
2026-09-14T23:49:06Z,8654616,0.41,24.1,1800000,63.8,7109232,11556,63766,7378932,0,0,0.0,490872,15,33,0xe0000
2026-09-14T23:49:08Z,8654618,0.54,23.2,1800000,63.8,7106032,11556,66275,7594676,0,0,0.0,491256,15,33,0xe0000
2026-09-14T23:49:10Z,8654620,0.54,23.8,1800000,63.3,7102308,11556,62962,7607920,0,0,0.0,493156,15,33,0xe0000
2026-09-14T23:49:12Z,8654622,0.54,24.2,1800000,64.3,7101360,11556,61040,7948625,0,0,0.0,494400,15,33,0xe0000
2026-09-14T23:49:14Z,8654624,0.57,24.9,1800000,63.8,7099516,11556,63417,7893886,0,0,0.0,494572,15,33,0xe0000
2026-09-14T23:49:17Z,8654626,0.57,25.2,1800000,63.8,7098608,11556,63451,7795722,0,0,0.0,494708,15,33,0xe0000
2026-09-14T23:49:19Z,8654628,0.61,26.6,1800000,64.3,7096060,11556,61665,7514916,0,0,0.0,495184,15,33,0xe0000
2026-09-14T23:49:21Z,8654630,0.61,29.1,1800000,63.8,7093280,11556,66835,7300767,0,0,0.0,495752,15,33,0xe0000
2026-09-14T23:49:23Z,8654633,0.61,25.0,1800000,64.8,7091768,11556,62577,7945572,0,0,0.0,498124,15,33,0xe0000
2026-09-14T23:49:25Z,8654635,0.56,26.7,1800000,64.3,7089564,11556,63013,7544627,0,0,0.0,498708,15,33,0xe0000
2026-09-14T23:49:27Z,8654637,0.56,25.2,1800000,65.2,7092428,11556,61798,7641659,0,0,0.0,500588,15,34,0xe0000
2026-09-14T23:49:29Z,8654639,0.51,22.0,1800000,63.3,7089960,11556,49856,5958127,0,0,0.0,501184,15,31,0xe0000
2026-09-14T23:49:31Z,8654641,0.51,2.9,1800000,63.3,7089304,11556,4536,3430,0,0,0.0,501184,15,31,0xe0000
2026-09-14T23:49:33Z,8654643,0.47,1.8,1800000,61.8,7089428,11556,253,330,0,0,0.0,501184,15,31,0xe0000
2026-09-14T23:49:35Z,8654645,0.47,2.0,1800000,62.8,7090996,11556,276,360,0,0,0.0,501184,15,31,0xe0000
2026-09-14T23:49:38Z,8654647,0.47,1.6,1800000,62.3,7093388,11556,315,393,0,0,0.0,501184,15,31,0xe0000
2026-09-14T23:49:40Z,8654649,0.43,2.0,800000,62.3,7098908,11556,252,330,0,0,0.0,501184,11,31,0xe0000
2026-09-14T23:49:42Z,8654651,0.43,5.7,800000,61.3,7099064,11556,4462,3450,0,0,0.0,501184,11,31,0xe0000
2026-09-14T23:49:44Z,8654654,0.40,3.9,1800000,62.8,7098952,11556,3155,227771,0,0,0.0,501184,15,35,0xe0000
2026-09-14T23:49:46Z,8654656,0.40,46.5,1800000,63.3,7100188,11556,91296,10096698,0,0,0.0,501340,17,35,0xe0000
2026-09-14T23:49:48Z,8654658,0.77,47.1,1800000,64.3,7099656,11556,90185,10365597,0,0,0.0,502856,18,35,0xe0000
2026-09-14T23:49:50Z,8654660,0.77,41.6,1800000,65.2,7098700,11556,88200,10820414,0,0,0.0,502912,18,35,0xe0000
2026-09-14T23:49:52Z,8654662,0.77,40.0,1800000,64.3,7094192,11556,90484,10801972,0,0,0.0,502924,18,35,0xe0000
2026-09-14T23:49:55Z,8654664,1.19,43.0,1800000,65.7,7092028,11556,87271,10688036,0,0,0.0,503900,18,35,0xe0000
2026-09-14T23:49:57Z,8654666,1.19,43.2,1800000,64.8,7094828,11556,90447,10905872,0,0,0.0,504080,18,35,0xe0000
2026-09-14T23:49:59Z,8654669,1.25,40.9,1800000,65.2,7095320,11556,86432,10689599,0,0,0.0,504192,19,35,0xe0000
2026-09-14T23:50:01Z,8654671,1.25,44.9,1800000,65.2,7093004,11556,88915,10594742,0,0,0.0,504192,19,36,0xe0000
2026-09-14T23:50:03Z,8654673,1.55,41.9,1800000,64.3,7093976,11556,87183,10635351,0,0,0.0,504748,19,35,0xe0000
2026-09-14T23:50:05Z,8654675,1.55,43.8,1800000,64.8,7094200,11556,91057,10609415,0,0,0.0,504768,19,35,0xe0000
2026-09-14T23:50:07Z,8654677,1.55,43.2,1800000,64.3,7092924,11556,87784,10593093,0,0,0.0,505568,19,35,0xe0000
2026-09-14T23:50:09Z,8654679,1.75,44.4,1800000,65.7,7091856,11556,88373,10536839,0,0,0.0,505616,19,35,0xe0000
2026-09-14T23:50:12Z,8654681,1.75,39.8,1800000,66.2,7089748,11556,87440,11020512,0,0,0.0,506400,19,35,0xe0000
2026-09-14T23:50:14Z,8654683,1.69,44.2,1800000,64.8,7090328,11556,90146,10907091,0,0,0.0,506400,19,35,0xe0000
2026-09-14T23:50:16Z,8654685,1.69,11.2,1800000,63.8,7089728,11556,23369,2488909,0,0,0.0,506404,19,31,0xe0000
2026-09-14T23:50:18Z,8654688,1.69,1.6,1800000,63.3,7091120,11556,252,330,0,0,0.0,506404,19,31,0xe0000
2026-09-14T23:50:20Z,8654690,1.55,2.5,1800000,63.3,7091436,11556,246,321,0,0,0.0,506404,19,31,0xe0000
2026-09-14T23:50:22Z,8654692,1.55,1.4,1800000,63.3,7091448,11556,253,370,0,0,0.0,506404,19,31,0xe0000
2026-09-14T23:50:24Z,8654694,1.43,1.6,1200000,61.8,7094796,11556,285,330,0,0,0.0,506404,11,31,0xe0000
2026-09-14T23:50:26Z,8654696,1.43,5.2,1000000,63.8,7096248,11556,4194,3028,0,0,0.0,506404,11,31,0xe0000
2026-09-14T23:50:28Z,8654698,1.39,3.9,1800000,62.8,7096476,11556,514,674,0,0,0.0,506404,11,31,0xe0000
2026-09-14T23:50:31Z,8654700,1.39,40.2,1800000,64.8,7097828,11556,70695,7580407,0,0,0.0,506592,17,39,0xe0000
2026-09-14T23:50:33Z,8654702,1.39,59.9,1800000,65.7,7094796,11556,110224,11984457,0,1866,39.4,506880,19,39,0xe0000
2026-09-14T23:50:35Z,8654705,1.60,49.9,1800000,65.2,7097564,11556,105998,12100107,0,0,0.0,507068,19,39,0xe0000
2026-09-14T23:50:37Z,8654707,1.60,54.7,1800000,66.2,7093760,11556,108846,12093426,0,18796,0.0,507568,19,40,0xe0000
2026-09-14T23:50:39Z,8654709,1.72,57.3,1800000,67.7,7093904,11556,113128,12282943,0,0,0.0,507608,19,39,0xe0000
2026-09-14T23:50:41Z,8654711,1.72,55.2,1800000,66.2,7094168,11556,108048,12132009,0,15060,0.0,508048,17,39,0xe0000
2026-09-14T23:50:44Z,8654713,1.90,48.4,1800000,66.2,7095056,11556,104577,12128131,0,0,0.0,508188,17,39,0xe0000
2026-09-14T23:50:46Z,8654715,1.90,50.7,1800000,67.2,7094172,11556,105814,12087578,0,0,0.0,508292,17,39,0xe0000
2026-09-14T23:50:48Z,8654718,1.90,52.3,1800000,65.7,7091144,11556,104496,12164831,0,0,0.0,509520,17,39,0xe0000
2026-09-14T23:50:50Z,8654720,2.07,52.0,1800000,67.2,7090156,11556,107670,11948461,0,0,0.0,510676,17,39,0xe0000
2026-09-14T23:50:52Z,8654722,2.07,47.3,1800000,67.2,7093248,11556,104493,12196002,0,0,0.0,510680,17,39,0xe0000
2026-09-14T23:50:54Z,8654724,2.06,51.2,1800000,67.2,7091396,11556,106352,12218407,0,0,0.0,512536,18,39,0xe0000
2026-09-14T23:50:57Z,8654726,2.06,50.1,1800000,67.7,7090216,11556,101289,12121874,0,0,0.0,513596,18,39,0xe0000
2026-09-14T23:50:59Z,8654728,2.06,56.8,1800000,67.7,7091216,11556,106136,12009020,0,0,0.0,513596,18,39,0xe0000
2026-09-14T23:51:01Z,8654731,2.06,20.6,1800000,65.7,7089372,11556,48625,5052683,0,0,0.0,513596,16,31,0xe0000
2026-09-14T23:51:03Z,8654733,2.06,1.7,1800000,64.3,7089428,11556,252,330,0,0,0.0,513596,14,31,0xe0000
2026-09-14T23:51:05Z,8654735,1.89,1.9,800000,63.3,7088820,11556,252,330,0,0,0.0,513596,14,31,0xe0000
2026-09-14T23:51:07Z,8654737,1.89,2.6,1100000,64.3,7088020,11556,245,320,0,0,0.0,513596,12,31,0xe0000
2026-09-14T23:51:09Z,8654739,1.74,2.9,1800000,63.3,7088232,11556,276,359,0,0,0.0,513596,11,31,0xe0000
2026-09-14T23:51:11Z,8654741,1.74,1.7,1800000,64.8,7088044,11556,316,412,0,0,0.0,513596,11,31,0xe0000
2026-09-14T23:51:13Z,8654743,1.60,3.5,1800000,63.8,7089712,11556,4530,3352,0,0,0.0,513596,11,31,0xe0000
2026-09-14T23:51:16Z,8654745,1.60,32.4,1800000,65.7,7088160,11556,55543,5148372,0,0,0.0,513596,13,47,0xe0000
2026-09-14T23:51:18Z,8654747,1.60,62.0,1800000,65.2,7089164,11556,132806,12230139,0,0,0.0,513816,13,47,0xe0000
2026-09-14T23:51:20Z,8654750,1.79,58.8,1800000,66.7,7089940,11556,140577,12344909,0,0,0.0,513980,13,47,0xe0000
2026-09-14T23:51:22Z,8654752,1.79,54.9,1800000,66.7,7088992,11556,138199,12291882,0,0,0.0,513980,13,47,0xe0000
2026-09-14T23:51:24Z,8654754,1.89,68.8,1800000,66.7,7086248,11556,146501,12258392,0,0,0.0,514048,13,47,0xe0000
2026-09-14T23:51:26Z,8654756,1.89,47.9,1800000,67.2,7084592,11556,124986,12321574,0,0,0.0,514048,13,47,0xe0000
2026-09-14T23:51:29Z,8654758,1.90,52.4,1800000,67.7,7082788,11556,134579,12324080,0,0,0.0,514048,12,47,0xe0000
2026-09-14T23:51:31Z,8654760,1.90,61.8,1800000,67.2,7083068,11556,132757,12366803,0,0,0.0,514048,16,47,0xe0000
2026-09-14T23:51:33Z,8654763,1.90,64.7,1800000,67.7,7086792,11556,139037,12220073,0,0,0.0,514048,16,47,0xe0000
2026-09-14T23:51:35Z,8654765,1.91,57.2,1800000,68.2,7085720,11556,131244,12307462,0,0,0.0,514048,16,47,0xe0000
2026-09-14T23:51:37Z,8654767,1.91,56.6,1800000,67.7,7087048,11556,134456,12340644,0,0,0.0,514048,16,47,0xe0000
2026-09-14T23:51:39Z,8654769,2.07,51.1,1800000,66.7,7083160,11556,124313,12267774,0,0,0.0,514048,14,47,0xe0000
2026-09-14T23:51:41Z,8654771,2.07,45.7,1800000,66.7,7086748,11556,111543,12267632,0,0,0.0,514048,14,47,0xe0000
2026-09-14T23:51:44Z,8654773,2.07,55.0,1800000,67.7,7085376,11556,113855,12335539,0,0,0.0,514048,14,47,0xe0000
2026-09-14T23:51:46Z,8654775,2.07,34.9,1800000,66.7,7086800,11556,77704,8177066,0,0,0.0,514048,14,31,0xe0000
2026-09-14T23:51:48Z,8654778,2.07,1.4,1800000,66.7,7085912,11556,4396,4857,0,0,0.0,514048,14,31,0xe0000
2026-09-14T23:51:50Z,8654780,1.90,1.7,1000000,66.2,7084400,11556,797,124,0,0,0.0,514048,12,31,0xe0000
2026-09-14T23:51:52Z,8654782,1.90,2.5,1100000,64.3,7084680,11556,747,79,0,0,0.0,514048,12,31,0xe0000
2026-09-14T23:51:54Z,8654784,1.75,2.3,1200000,64.8,7085116,11556,90,120,0,0,0.0,514048,11,31,0xe0000
2026-09-14T23:51:56Z,8654786,1.75,5.7,1800000,64.8,7087268,11556,4073,3066,0,0,0.0,514048,11,31,0xe0000
2026-09-14T23:51:58Z,8654788,1.61,2.2,1800000,64.8,7087840,11556,61,80,0,0,0.0,514048,11,31,0xe0000
2026-09-14T23:52:01Z,8654790,1.61,18.6,1800000,65.7,7086476,11556,32819,2817793,0,0,0.0,514048,11,63,0xe0000
2026-09-14T23:52:03Z,8654792,1.61,55.6,1800000,66.7,7086880,11556,128168,12293060,0,0,0.0,514048,11,63,0xe0000
2026-09-14T23:52:05Z,8654795,1.64,53.8,1800000,67.7,7088396,11556,139900,12290490,0,0,0.0,514052,11,63,0xe0000
2026-09-14T23:52:07Z,8654797,1.64,51.9,1800000,67.7,7088284,11556,137162,12272891,0,0,0.0,514052,11,63,0xe0000
2026-09-14T23:52:09Z,8654799,1.67,62.1,1800000,69.6,7089764,11556,138970,12295494,0,0,0.0,514052,11,63,0xe0000
2026-09-14T23:52:11Z,8654801,1.67,55.0,1800000,69.1,7087728,11556,139150,12319223,0,0,0.0,514052,11,63,0xe0000
2026-09-14T23:52:14Z,8654803,1.62,51.5,1800000,67.7,7085592,11556,147642,12296748,0,0,0.0,514124,11,63,0xe0000
2026-09-14T23:52:16Z,8654805,1.62,60.8,1800000,68.2,7085560,11556,144913,12272508,0,0,0.0,514300,11,63,0xe0000
2026-09-14T23:52:18Z,8654808,1.62,57.1,1800000,68.2,7086888,11556,147565,12311510,0,0,0.0,514300,11,63,0xe0000
2026-09-14T23:52:20Z,8654810,1.57,56.6,1800000,68.7,7084640,11556,151676,12260096,0,0,0.0,514300,11,63,0xe0000
2026-09-14T23:52:22Z,8654812,1.57,50.5,1800000,68.2,7087928,11556,157188,12243735,0,0,0.0,514300,11,63,0xe0000
2026-09-14T23:52:24Z,8654814,1.52,56.0,1800000,68.2,7082064,11556,164730,12327634,0,0,0.0,514300,11,63,0xe0000
2026-09-14T23:52:27Z,8654816,1.52,63.7,1800000,68.7,7084108,11556,159423,12296229,0,0,0.0,514300,11,63,0xe0000
2026-09-14T23:52:29Z,8654818,1.56,51.5,1800000,67.7,7081472,11556,164443,12301798,0,0,0.0,514300,11,63,0xe0000
2026-09-14T23:52:31Z,8654821,1.56,40.8,1800000,67.7,7086860,11556,145432,10633206,0,0,0.0,514412,11,31,0xe0000
2026-09-14T23:52:33Z,8654823,1.56,2.6,1100000,65.7,7086944,11556,794,123,0,1961,41.4,514412,12,31,0xe0000
2026-09-14T23:52:35Z,8654825,1.43,2.4,1100000,66.2,7086500,11556,91,121,0,0,0.0,514412,12,31,0xe0000
2026-09-14T23:52:37Z,8654827,1.43,2.4,700000,65.7,7086444,11556,61,80,0,19179,0.0,514412,12,31,0xe0000
2026-09-14T23:52:39Z,8654829,1.56,7.2,900000,65.7,7085244,11556,4131,3067,0,0,0.0,514412,12,31,0xe0000
2026-09-14T23:52:42Z,8654831,1.56,2.4,1000000,64.8,7086324,11556,61,80,0,15449,0.0,514412,11,31,0xe0000
2026-09-14T23:52:44Z,8654833,1.43,2.5,700000,65.2,7088156,11556,61,80,0,0,0.0,514412,11,31,0xe0000
2026-09-14T23:52:46Z,8654835,1.43,2.8,1100000,64.8,7088776,11556,61,79,0,0,0.0,514412,11,31,0xe0000
